<?xml version='1.0' encoding='UTF-8' ?>
<CameraSettings Application="easyPickII" ModifyDate="2019-11-12T07:28:58" ConfigVersion="1.2" ApplicationVersion="1.1.0">
 <Name>
  <Name>default</Name>
 </Name>
 <Device>
  <CameraInterface>1</CameraInterface>
  <CameraType>default</CameraType>
  <CameraDevice>default</CameraDevice>
  <CameraSerialNumber></CameraSerialNumber>
  <ConnectionMode>1</ConnectionMode>
  <UseCameraIniFile>false</UseCameraIniFile>
  <CameraIniFile></CameraIniFile>
 </Device>
 <Settings>
  <ColorSpace>2</ColorSpace>
  <ExposureTime>300</ExposureTime>
  <FrameRate>4</FrameRate>
  <FrameRateMaxMode>true</FrameRateMaxMode>
  <PixelClock>18</PixelClock>
  <EdgeEnhancement>2</EdgeEnhancement>
  <GainMaster>0</GainMaster>
  <GammaCorrection>1.6</GammaCorrection>
  <WhiteBalanceMode>4</WhiteBalanceMode>
  <WhiteBalanceR>5</WhiteBalanceR>
  <WhiteBalanceG>0</WhiteBalanceG>
  <WhiteBalanceB>9</WhiteBalanceB>
 </Settings>
 <Picture>
  <MirrorLeftRight>false</MirrorLeftRight>
  <MirrorUpDown>false</MirrorUpDown>
  <Rotate>1</Rotate>
  <Multiples>1</Multiples>
 </Picture>
 <ExternalTrigger>
  <Used>false</Used>
  <TriggerSignal>1</TriggerSignal>
  <TriggerTimeout>0</TriggerTimeout>
  <TriggerDelay>0</TriggerDelay>
 </ExternalTrigger>
 <ExternalFlash>
  <Used>false</Used>
  <StrobeInvert>true</StrobeInvert>
  <StrobeDelay>0</StrobeDelay>
  <StrobeDuration>0</StrobeDuration>
 </ExternalFlash>
</CameraSettings>
