,F_max,C_half,k,F_b,DriftSlope,Fluorophore
A1,83.52445160178604,143.23401369889706,0.5180285577045949,5924.116937496893,25.79251099524424,FAM
A2,69.40518675354565,143.53364141465048,1.3644169174375356,5864.904467294276,28.099849460597415,FAM
A3,0.0400052942540583,143.52257509556776,1.315683452017367,6150.2119081236915,28.607526073828456,FAM
A4,16841.03873515124,83.04998676811886,1.8855639797559922,5520.493375008933,36.35658320217526,FAM
A5,19515.90390850064,58.326091977792565,3.3267174111659736,5819.995155181087,13.9984734246168,FAM
A6,17496.833836676346,72.45786578707562,1.9971867216379366,5534.344954868902,27.063074416787668,FAM
A7,17779.235139717573,47.37680454933883,2.0804818052664187,5456.059303244841,16.319643290706882,FAM
A8,17227.66138581669,45.703188210790245,1.8884513320385474,5303.1683215479225,8.23814408240816,FAM
A9,15249.462340447879,43.17639318094364,1.7491598308255192,4943.043197316221,9.015866685628234,FAM
A10,9465.341519226387,111.18149599500302,5.096509741384806,3896.769636174047,22.96553264557755,FAM
A11,17645.35261844215,63.904081867050294,5.737911746643895,4518.409621043615,16.4125687744133,FAM
A12,14394.62504430095,37.18216835404963,1.6040636052218826,4427.104290693494,24.539912445438606,FAM
B1,7770.532137852532,119.73283175092821,2.3872223335019767,4113.855486997889,20.330919865280475,FAM
B2,11608.918417081286,116.2461184385403,2.3198950954722632,4397.750303797694,24.017598837331825,FAM
B3,28.780250336218273,141.76021468393137,0.9073893298793351,4518.696269528387,23.82795402991047,FAM
B4,20183.802053644526,44.28697398900607,2.484423403279829,4964.3931687526565,13.602092527202878,FAM
B5,20120.68430508029,41.902466659937225,2.469708319864423,4918.139221408719,1.7939158850492265,FAM
B6,20901.42690253925,48.12944886290594,2.4960249713627327,5054.288534956511,24.015132963896665,FAM
B7,22262.06826360747,46.157439831604265,2.1614811026527105,5547.332953571616,-0.3025375567325453,FAM
B8,20446.219633574095,46.22475429799731,2.5855545632005654,4936.865226942472,26.57754733161456,FAM
B9,20423.56990864126,47.78916869912485,2.5655335173286895,5127.250319883099,14.619215677276953,FAM
B10,797.5136270523054,17.715694108108075,16.587762461988113,3441.736370481866,11.729054218357556,FAM
B11,19652.2545184362,62.72132150490186,8.28080631337933,4918.708808715997,8.460775194470594,FAM
B12,20832.274205237703,54.52216635488868,7.567782127106232,5015.189627672897,16.222986252212117,FAM
C1,13519.938380832162,102.21757368714101,2.5922766541754068,3810.2014224802097,13.621197801133954,FAM
C2,18523.128825562788,100.42349984649529,7.130298439095127,4171.233891145438,11.314861362062546,FAM
C3,459.3241002606052,49.150301243255754,13.361897271488175,4252.424897032051,12.580925912610473,FAM
C4,20117.77085045373,43.53582262869019,2.5767662009544012,4657.424812679491,4.668667817173531,FAM
C5,21412.346155734354,42.68427820757783,2.27113568575027,4799.299504300715,3.78206698610771,FAM
C6,22162.789497244336,42.65862642850692,2.557817717977358,4905.632309748236,1.13877196914004,FAM
C7,21842.374038742757,45.57972776647024,2.23772628841318,4936.817624239808,6.764907663894109,FAM
C8,21188.243442946095,46.783110780916246,2.4614917076069713,4859.397420651384,12.988634919545882,FAM
C9,22859.956966689024,54.078256270711265,2.65807806699214,5132.700607415669,8.006690807795296,FAM
C10,9693.229393382562,111.37856312658062,4.843541172134463,4772.555505104877,34.155454908923794,FAM
C11,22053.22663787093,46.243590218619495,4.252502130261977,5022.628743616834,15.834982381199296,FAM
C12,20412.148094141696,42.47675864624724,3.568525165511448,5012.095871868446,10.124049362197944,FAM
D1,240.25298646034742,43.91090209103698,11.431539525619938,4163.966074862768,9.511728106820442,FAM
D2,3084.647442563622,121.10650538803793,2.2388657927846034,4070.787349370846,14.263509499156717,FAM
D3,411.83685803138576,50.28391633547554,14.412190833211605,4157.137124172783,10.18753347341424,FAM
D4,19382.914977994176,48.490702888075425,2.7910274460398043,4388.589287381309,11.597877422483439,FAM
D5,20739.531278271326,56.55588248779001,2.3536442623625295,4666.230615451973,-0.28763457332688863,FAM
D6,20039.68068997241,51.84400241104064,2.850435789240129,4476.450252800503,9.555036469089682,FAM
D7,17133.095003855018,49.07950799254469,2.9528097989430964,3920.6626066217354,23.047646539681065,FAM
D8,21077.66929662481,57.316774046591085,2.718379066306092,4760.378204849763,6.097052674039516,FAM
D9,19420.243712339838,61.711907358818685,2.8304965040270607,4116.081446099566,21.58981548778907,FAM
D10,329.45410886242007,18.707771112839787,7.599461392777203,3451.0961262675196,13.926483930476454,FAM
D11,17525.398266698427,60.74829823415771,6.53109845292728,4532.35605978433,32.143835245320595,FAM
D12,15660.478604916269,51.793239644175664,6.006832039054169,4298.783809187199,28.260912435269073,FAM
E1,26.074751398962235,143.99577256012893,0.5257266189232769,4460.905938035246,23.817134022481586,FAM
E2,2857.81680732181,116.90448651673555,1.8977712147258883,4432.5910711468205,27.19856499685527,FAM
E3,34342.26319249415,123.88964071968313,0.7924507635157217,4813.11135395042,29.184406526137685,FAM
E4,22170.489381211333,45.342690283032574,2.136749821737932,5490.899116370788,-6.178955468544515,FAM
E5,23018.003818447738,42.4451087464814,2.3782189459576704,5622.525214558463,-2.5052761851772307,FAM
E6,20315.22270953715,47.5239024707704,3.903289531652196,4826.578706582859,15.92507038308195,FAM
E7,21091.190369565153,43.12099959431107,2.294945062604786,5260.39929057433,23.155722657711888,FAM
E8,22166.926942991136,41.71490619575863,2.769491391113036,5057.393161278533,17.330588271071754,FAM
E9,22731.473676472197,41.005242435376,2.718011102215259,5272.121741572727,8.276692512699803,FAM
E10,6937.614116694196,108.80557416851627,4.16333480069231,4053.601349058373,24.364078130571926,FAM
E11,18281.387802973564,45.27075613376416,3.4846424358743424,4575.855855322203,10.648989706894127,FAM
E12,18117.030587238263,47.82266451169499,4.412683809862992,4611.0261186892485,24.34477500170368,FAM
F1,447.69134814664017,143.82080105760824,0.836709064908091,4815.83341276718,28.396424191593177,FAM
F2,250.2897309215009,143.46305186319682,1.1100876376531223,4909.279130936961,29.144665884664793,FAM
F3,15236.842393442652,108.63891171317123,3.1549139597246136,4759.963999400167,29.357279186399843,FAM
F4,22816.619648321055,42.484975510022416,2.6210159518987948,5479.174265810041,-9.965003209507143,FAM
F5,18780.016567258124,63.20843912813858,2.181151834655476,5085.525304397803,14.233784749324734,FAM
F6,21092.278307019296,44.88886984036106,2.736254269337823,4977.612994751332,13.64855972592177,FAM
F7,20519.781723197808,42.784477903767566,2.343261787448072,4983.601820796487,19.896187607123355,FAM
F8,19844.275378225142,41.96456716677232,3.0491026275045976,4731.005882451243,17.384989815540216,FAM
F9,22361.389463912936,43.563764058471804,2.502936349273564,5237.328985768201,15.610062116292246,FAM
F10,5834.292347355845,109.25225219896528,4.5589993693394595,3906.525093759387,24.77739312691461,FAM
F11,21052.20811651938,52.31289372295902,7.109597578051771,5014.446818547158,11.611384880331588,FAM
F12,21123.92672043053,55.15238333892785,5.629619151378202,5083.261608373262,26.903385762011954,FAM
G1,12543.328947695327,109.52092977208494,3.0072423709018583,4120.579558174311,23.325144075231318,FAM
G2,15407.078435154663,98.07149654146376,2.9062515368453656,4213.188363733665,27.941369203965625,FAM
G3,15331.23449748876,111.62191888590286,3.237573997507264,4541.233513627761,26.8613901989676,FAM
G4,22482.10105101319,41.568851123445924,2.685149725286991,4888.891488800473,10.498750734850542,FAM
G5,22665.01376590953,43.90631585965143,2.689670546868985,5045.495157112904,16.93124389754099,FAM
G6,19645.62143559088,56.875336705428495,2.6259934312979865,4783.371727621621,23.245315578160252,FAM
G7,19030.840758555063,46.017820831378984,2.897928535194377,4551.3923706491105,17.295216840091662,FAM
G8,18607.330573136565,52.91486262280357,3.144522821715968,4581.627302924311,19.57809104221097,FAM
G9,21195.766452207048,48.06440638886936,2.4485440188122425,4949.591429177315,15.307624023360736,FAM
G10,63.723857590470075,2.767704042621269e-10,15.645855266444677,2217.2424934770747,0.36439004686156795,FAM
G11,41.549575371175166,1.5598424772725125e-22,26.4731023428193,2270.9861527679723,0.34322723572848995,FAM
G12,46.592469858191926,7.0632535250825565,17.98806668322801,2196.267994939824,0.26099847509988455,FAM
H1,12344.10470908995,108.2742852236079,3.5845070547434643,3815.311763433592,16.873704047945484,FAM
H2,15290.615639205325,81.81296238404286,2.453959973606404,4342.565740915136,26.28095030734652,FAM
H3,17118.11255112421,92.97260242877636,2.710442176302121,4231.255019191679,29.947292675959705,FAM
H4,23201.82834555791,49.65377694216294,5.803985509824082,4425.068995664696,14.979547762351062,FAM
H5,23433.58755045964,61.04384708875443,2.29982013830875,5026.131567913171,14.117835861600135,FAM
H6,23849.2905133217,49.920295575023694,2.3676226134622174,4686.475786792746,33.8183885133293,FAM
H7,25851.74305688665,49.897330945242174,2.840331814162934,5110.4432970284315,17.142916758620014,FAM
H8,24362.36779844384,49.68389686802306,2.722412286283102,5010.055100787459,23.290527514649146,FAM
H9,23944.63319012646,51.32688074159252,2.623088643170354,5129.547374909796,18.566837534172592,FAM
H10,26.045359058444237,35.20838015965233,5.288908018908759,2192.98514873318,0.8424864571438103,FAM
H11,37.76123438411346,12.505395947607706,16.27119248414015,2230.011248060856,0.3722103089978861,FAM
H12,106.98029427537611,3.0344648698470136e-11,10.259261946819388,2145.3237537649293,0.7306177662627126,FAM
A1,81.29141418276764,38.8536487507286,16.155155967736587,2753.8868733488766,1.6764993661771093,HEX
A2,103.45393048025768,40.591577753230325,18.678218079442257,2723.638992865007,1.7603308593516491,HEX
A3,182.23532846987897,21.03589362049887,26.40049062596998,2754.716454557282,1.6263598946858921,HEX
A4,1323.1301572219504,83.09956067327144,1.8621644194856146,2611.2916032657804,4.0104402660396845,HEX
A5,1567.5217933909096,57.68313742971645,3.236497221526517,2608.454586826492,2.3714269626062445,HEX
A6,1406.3580146125064,72.20364291675456,1.8186397353001422,2589.6678818459304,3.2087036461688143,HEX
A7,1428.7806097875714,47.13658729890206,1.9568213048276437,2534.993050211146,2.3553389418605355,HEX
A8,1403.9922274722537,45.63948456621959,1.8066484657182043,2500.855957021994,1.3976035807971403,HEX
A9,1245.1454852077409,43.17010245462262,1.6847580411769254,2503.186887565721,1.2989361884400583,HEX
A10,891.4902361684534,110.68813463590712,5.049225621831471,2300.7639570039673,2.1172203846590727,HEX
A11,1598.5247797077643,64.89437659746167,5.45746520867341,2427.2402235038094,2.1187995709252547,HEX
A12,1237.3254097159593,37.30031888384336,1.600624468097597,2384.5583847663124,3.2395393235526293,HEX
B1,853.8489547417419,120.11209961743691,2.5232578253542073,2282.1044005376903,1.9545688472471396,HEX
B2,1073.1540737997243,116.26568035674799,2.328676022530341,2330.934972251171,2.26615849774288,HEX
B3,69.57159831335146,43.41572132193701,11.6692339378526,2347.3953452830374,1.615786686625591,HEX
B4,1868.8338215093602,44.303955861930284,2.4143108599283067,2407.5305640503057,2.019857810759616,HEX
B5,1891.215789141204,42.13172269970341,2.4414839953786065,2385.0328103100733,0.5195431013584632,HEX
B6,1949.5850991453879,48.65829349192443,2.129263640383383,2412.464189537979,3.2405162357708486,HEX
B7,2070.569700501548,46.24701306235927,2.0924267554516494,2491.1268947470285,0.6267996799461931,HEX
B8,1860.3980952192417,46.17277215043066,2.4738488110515693,2456.361338847273,3.6455951920741003,HEX
B9,1834.317681387865,47.77780784630614,2.524635967548659,2491.283863152885,2.61498021655729,HEX
B10,65.93114617714089,22.126152193252338,17.415544260906483,2255.2255235046377,1.0743063018004702,HEX
B11,1755.778348943458,65.02721020407398,7.514930994525213,2464.0577825355836,1.9055506314719641,HEX
B12,1779.9161973511361,56.368656525661955,6.559205091818993,2490.1096867129445,3.6681814015969665,HEX
C1,1367.504361939624,102.10002301643374,2.485023974362113,2206.6165439903016,1.2578503092209994,HEX
C2,1885.314043208732,99.14337128649333,6.879452924900275,2288.4444089016065,0.931462432010078,HEX
C3,6950.638216529123,62.47774194812244,91.10828499962972,4.5698047463097954e-09,-16.998525622903912,HEX
C4,1954.4842816808891,43.94156159139092,2.3749615766849175,2335.5446281893287,1.3993465690372933,HEX
C5,2081.856920054842,43.091307294110926,2.0594498788314035,2373.1187795868736,1.2047025501635635,HEX
C6,2106.847152330042,42.71371645449408,2.574400156074955,2386.520873183294,1.0678194224199238,HEX
C7,2090.2462214799766,45.70651093821694,2.188125163719959,2401.182735641815,1.4175663048399687,HEX
C8,2013.4525110067498,47.08329681346745,2.3643295925721306,2440.8063618776937,2.0833277764185443,HEX
C9,2177.2561688006967,54.472598925077214,2.554913082508613,2483.5764456058614,1.5469298255815014,HEX
C10,928.533144257408,112.6812451401603,5.119246312182169,2461.2640524401477,3.2360362670093723,HEX
C11,2041.5227375404963,46.4404208206036,4.1417913396512365,2468.4996484352064,2.39787472815002,HEX
C12,1888.1583654725532,43.2352829824003,3.5175496686182046,2497.2059453434217,1.6110969623481446,HEX
D1,27.669838061652214,41.79125937269238,9.875309945810185,2358.4638905253773,0.635031762488086,HEX
D2,306.5253805085131,121.16974600326273,2.25707707780319,2272.8004068927808,1.4375936592124088,HEX
D3,6902.175014241049,63.06809910971229,89.7637127453225,1.5989642632992067e-06,-17.34882135010686,HEX
D4,1894.0615911379148,49.03412687487506,2.5108605754601085,2292.415088966606,2.3829794460019253,HEX
D5,2080.6728033334844,56.60904371504371,2.385220356439975,2328.1214937718214,0.6397963949144087,HEX
D6,1925.492449191964,52.356553394973275,2.649968258428409,2296.2781816881034,2.2405179430931743,HEX
D7,1651.4201278541968,49.53350704128658,3.0219273333507393,2245.7793217782673,3.301807904538896,HEX
D8,2055.7317093378615,57.64845070817211,2.6070676896702056,2370.9020569994905,1.4683373011684049,HEX
D9,1924.7033964111063,61.79622496669038,2.861112707752383,2284.587143441176,3.11803753153048,HEX
D10,23.776904128741375,19.679765223376155,7.6116981326683995,2197.9576757477353,1.3497381971078286,HEX
D11,1625.426203844193,60.839311833956124,6.707120469501482,2368.9678619741194,3.7867840018209677,HEX
D12,1378.453998414583,52.67921426861058,5.680505757131696,2339.895782950234,3.7704588922992417,HEX
E1,83.4171621353869,42.267163746310665,15.857421318829301,2361.6083315647056,1.4843684359068143,HEX
E2,301.7741433869723,116.8469036499622,1.8926611965007702,2336.729476196251,2.6874372441460155,HEX
E3,45.20192422971639,35.31516066348975,7.62480779147596,2399.674842791004,2.3327588421383005,HEX
E4,2074.7807718642985,45.62746987018582,2.0463074180714367,2466.7322920741767,-0.07031325923473207,HEX
E5,2142.924212159619,42.622262588272164,2.2669535097743565,2515.5072236092487,0.436241960030771,HEX
E6,1873.8908866883855,47.13372192638285,3.696940271350467,2391.1775772802666,2.06199659901472,HEX
E7,1901.4930537851194,43.4206052522141,2.1210005901683555,2507.601550793109,3.4633505057094807,HEX
E8,2036.4969964601128,41.48048212881044,2.7479824002124986,2439.0144005800203,2.514451300020491,HEX
E9,2108.2372447191196,41.43749233119839,2.673245002395284,2522.6227183317624,1.5808074405780048,HEX
E10,634.9333114440345,108.12896512674146,4.182484968806592,2296.268786486653,2.353496873119773,HEX
E11,1682.0061178070457,45.14267593657249,3.4202144059601243,2382.1242497206326,1.630596425366139,HEX
E12,1606.7929795275293,48.4308230478501,4.255258615238766,2412.093946991726,3.4341222499525768,HEX
F1,68.4299296693316,38.065772954369464,11.128081662188798,2437.901021772541,2.1159376864238664,HEX
F2,71.34486746312945,35.26295714279205,10.949775150796539,2439.1813046942084,2.18137564380258,HEX
F3,1428.671160954582,108.30417216643782,3.1683330346773686,2444.416976091296,2.6368621713592604,HEX
F4,2143.8070220367294,42.484183238726004,2.7115953249666003,2488.813352743471,-0.6235276785744837,HEX
F5,1745.6616196461775,63.37827550708946,2.1408992050379645,2444.5545959316037,1.5793569464868813,HEX
F6,2010.2211686294006,44.68483678594799,2.655326528244783,2460.952474581378,1.7709249480000824,HEX
F7,1891.5531145978257,42.985526556879485,2.2141495399762676,2410.6738054028333,3.0541635210811675,HEX
F8,1849.4061048247636,42.34700673321742,2.99137213835341,2404.196149164438,2.4355899874762645,HEX
F9,2127.7657309261226,43.90070712222708,2.3511829390685515,2500.43116096984,2.2040341394773613,HEX
F10,567.7010096903069,108.93983384379317,4.349813523099658,2264.4225584820283,2.4605991785957007,HEX
F11,1845.2112390856632,53.711089003360534,6.393652675217283,2477.682526869518,2.7294121049762894,HEX
F12,1926.7938146643057,55.913408382673126,5.656391501544331,2506.0660586322388,3.7536819415518217,HEX
G1,1210.4314044678842,109.67157310161669,2.981102607567242,2283.923742442323,2.246521764543312,HEX
G2,1518.6206736926817,98.46082386499003,2.7375298288668493,2317.527651614685,2.7789832764656346,HEX
G3,1528.166051049592,111.42851524091938,3.186360233548908,2387.5668081082804,2.531419228588031,HEX
G4,2157.051330871347,41.906188658111816,2.5662602551222546,2413.121726967246,1.861714148018253,HEX
G5,2160.1583244313774,44.31954623223084,2.4208193866043346,2449.8207259804485,2.766666883109469,HEX
G6,1811.1953293236375,57.33131881453996,2.5098515251655953,2392.5216285336364,2.943378730695757,HEX
G7,1760.6782728456233,46.42902038492189,2.808472465638401,2354.8608816093983,2.549934724599129,HEX
G8,1673.613444896565,53.38701682466123,3.0847329763910327,2365.77129857304,2.852043546978046,HEX
G9,1982.1307167619966,48.04058113123358,2.46643729495893,2435.1387875542655,2.251878011692229,HEX
G10,3.596928052047858,13.771161687299378,0.5000000000003909,1915.072273220385,0.04578005070206359,HEX
G11,1.695203523519822,72.82201342770472,0.5000075610494341,1947.6064480353373,0.024349206361463982,HEX
G12,14.895223268539395,3.9222457035741405,10.983451105974295,1920.6350445492665,0.009332215152382927,HEX
H1,1254.4235208171604,108.37061558708827,3.6128950232100743,2206.4065360685117,1.63340668257426,HEX
H2,1483.8959253888302,81.50386582717199,2.3267144224341334,2377.5762458931,2.6650688313024555,HEX
H3,1732.2041748032407,93.03715287313982,2.6581973594494968,2312.3904458156376,2.9327787925390165,HEX
H4,2222.194924205856,49.44486684300644,5.618627958559232,2358.7886585957763,2.9786231017640072,HEX
H5,2327.1928943404896,61.347658599100235,2.1858858421278273,2417.208064581571,1.5979841873798784,HEX
H6,2220.4843835387783,50.02139827999465,2.2317283822371623,2414.0128814949826,5.109749527410775,HEX
H7,2475.8835208037053,50.073747955778,2.8510548461030885,2474.8625647990975,2.8643466184002397,HEX
H8,2283.5450243015325,49.581205029544435,2.6515500044470017,2484.4023396579005,3.4347475398745257,HEX
H9,2291.6744310731387,51.38683684411568,2.5694806663912364,2502.106866152326,2.8017657982311666,HEX
H10,8.316507673985571,30.423187588342024,5.32733245836807,1940.6089246483104,0.025201990729194344,HEX
H11,19.078809264163862,1.4461357321800758e-11,24.066746443109828,1925.6953677231688,-0.008613777249988451,HEX
H12,21.816913162638322,1.0437605176620637e-10,3.9495392514780585,1945.12817173598,0.05594505867705695,HEX
A1,1.3151474347084344,88.55503621042132,0.5000179652347043,1820.4753363202963,-0.141265180465499,Texas Red
A2,1.7498998427835113,99.53360960649646,0.5000000161408394,1825.1119418267892,-0.1704316160648526,Texas Red
A3,311.8599070836607,71.23932831376275,99.99999994701348,1695.8308427889592,-0.9135250360033953,Texas Red
A4,172.00433254623607,31.32617975566536,12.200023532085687,1812.0358009453028,-2.85985100736052,Texas Red
A5,54.546280569583935,102.4940170658069,4.699222490537092,1851.0819010908074,-2.065146464938648,Texas Red
A6,90.41183041845558,24.284818662814565,7.55671572565387,1802.4387697588638,-2.2667098274681488,Texas Red
A7,94.86305483158512,94.49716111918167,7.6397807161469675,1832.3023563660558,-2.3026779363433945,Texas Red
A8,104.04471425646993,92.25773998262167,8.238184334490455,1836.711331427114,-2.3044362153499973,Texas Red
A9,111.85300732476588,91.02528940355002,9.30782212030952,1879.3244113862556,-2.2140125426967328,Texas Red
A10,2.926537474296216e-10,80.54163639540269,48.83405072092938,1902.1969226415636,-0.3938909133946558,Texas Red
A11,49.97054368530325,18.855510954617763,4.875386342809002,1919.684463257934,-1.9471462053483644,Texas Red
A12,154.7586207326739,89.96112260024559,12.301321532658328,1916.2297558188602,-2.54770222053763,Texas Red
B1,2568.9957343305377,49.278056188116054,99.99999999999723,875.1302711836672,-6.425221135017306,Texas Red
B2,5130.5866867324885,50.16985021610335,85.67558159878855,2.2302380896406515e-07,-14.826472189818622,Texas Red
B3,16.78196439002926,143.99999999922994,13.512327886135482,1825.1580675959633,-0.12468196988322582,Texas Red
B4,131.28325176900623,91.54052930024821,8.718760087980565,1869.0160121800468,-2.86755484527951,Texas Red
B5,145.86499208832385,90.05350612456955,9.33348502875242,1856.3256740359348,-2.8706515444779295,Texas Red
B6,113.38746657343809,95.27805371536536,7.75528501279951,1858.0825794859443,-2.799672607366829,Texas Red
B7,136.34659169451584,92.69538637435026,8.099711863372997,1860.1681480763123,-2.9869792286196652,Texas Red
B8,120.23209862574228,93.54711581256946,8.087309297955857,1886.0584498503667,-2.8544172245809754,Texas Red
B9,109.18758452032593,94.72100079839367,7.667444828337752,1905.3487632721276,-2.6737642832291493,Texas Red
B10,1225.2573439942203,66.57869267564983,99.99999988111891,1472.1359849501,-3.085330914350483,Texas Red
B11,44.45491103880673,18.15039216416623,4.648988565641707,1912.805451884358,-1.9357165837256225,Texas Red
B12,61.982156663090876,100.50432094781155,5.417991760661871,1924.8859648774717,-2.261443140195657,Texas Red
C1,5424.826997598315,43.961631499524586,65.92270636246384,1.2359672984520956e-07,-20.166805744707677,Texas Red
C2,1767.6886548228254,39.00016644600656,44.20132558014349,1314.8764971729818,-9.680866744452105,Texas Red
C3,5.488167545218054,116.54747158989328,0.5000000000399618,1826.7207698193586,-0.09957398462190413,Texas Red
C4,143.5999682104072,92.40413414260516,9.412301366113766,1872.7955005087097,-2.910223853277118,Texas Red
C5,162.9861709060099,91.45180855816653,9.753760747939914,1873.8285550842922,-3.1341875743124796,Texas Red
C6,158.05339923055308,91.51442523962773,9.218398916281101,1869.2663705107166,-3.166738313055344,Texas Red
C7,138.73718851955,93.24147298308662,8.482434724804197,1866.6000926691568,-2.9975421684773558,Texas Red
C8,122.595821780328,94.1358308081739,7.793116591156313,1889.1609724215007,-2.883972867399971,Texas Red
C9,88.12516427019408,99.46649921104374,5.829345252932078,1903.156742291525,-2.654071596999989,Texas Red
C10,5279.1234306256365,48.21018266155157,80.37220831070223,5.911885274725859e-09,-16.32508973727146,Texas Red
C11,124.05464452441109,94.00791211373627,8.02243185824706,1904.125306027277,-2.8981470620191723,Texas Red
C12,146.97852704761644,92.08464653041972,9.518341542496124,1928.6023144326816,-2.9284229786565175,Texas Red
D1,2.1341382383664573,84.05384878852973,0.5000000000000023,1839.5238834537893,-0.06406327552576811,Texas Red
D2,1023.2817144576504,47.887059764552966,99.99999976530542,1439.6533964113617,-2.5706707597123724,Texas Red
D3,6.146967199292682,143.06596700514794,10.878492597266728,1821.6204399463995,-0.0651885198049401,Texas Red
D4,104.0144740699533,96.22520174736621,7.311947399095268,1891.7247054089967,-2.6833590575386745,Texas Red
D5,67.16199389913473,100.93950108005554,5.074768365768026,1875.0783027819773,-2.2997768665055927,Texas Red
D6,83.9876162580652,97.24222613402584,6.325822790669755,1867.1130730779773,-2.439593849133903,Texas Red
D7,79.86717973879138,97.27618757875051,6.860057202434919,1869.2307111136658,-2.209053622169575,Texas Red
D8,65.05075677188273,101.47201164406997,5.022306470755744,1880.720266199178,-2.335844258965591,Texas Red
D9,1.274653996882164e-07,142.95445012868885,97.97342841487053,1875.2419147625924,-1.8419365103915653,Texas Red
D10,1336.4884884327023,66.66307797008761,99.99999998323904,1436.3515118186442,-3.344842963637287,Texas Red
D11,1.284561918691614e-12,110.75734106873772,68.94238375023737,1894.2364328867336,-1.6794329457940076,Texas Red
D12,58.33502180463758,99.57528174650609,6.140263936481898,1893.4579511745092,-1.874995655833438,Texas Red
E1,167.59434269067393,143.9999999999886,99.99999991845823,1808.3449038591693,-0.48915876125250524,Texas Red
E2,2353.207139763785,54.61021664665833,99.9999999984836,967.2069068800087,-5.960356161635619,Texas Red
E3,2.336196323474667,87.97227273228908,2.4818299146125065,1822.4060766262871,-0.18856119912484892,Texas Red
E4,142.0129023313806,92.88436396206794,8.522261586715745,1866.5019243566924,-2.992696334547139,Texas Red
E5,180.33358192858927,90.11170765548441,9.927708683139864,1879.5595875412178,-3.4107368278522836,Texas Red
E6,102.75542952296136,95.69954380204341,7.3493207510091185,1856.2157416247258,-2.5701322776375064,Texas Red
E7,153.22427556094533,91.34797956122561,9.48404866808014,1892.4433024833204,-3.1863674804582813,Texas Red
E8,160.4320707732868,90.581619938258,9.568341180821903,1867.1610182614156,-3.2322653060121613,Texas Red
E9,180.6550047485445,90.46844680617323,9.971758246301713,1915.071405425152,-3.435787217167783,Texas Red
E10,5103.451087224711,46.95214433243191,85.6207109835933,1.2835346760712885e-10,-14.790070905613915,Texas Red
E11,105.83360988299975,93.77735092857495,8.177368274110119,1904.202393009552,-2.3894597133431703,Texas Red
E12,86.74804302650026,95.66126328394282,7.311028131750405,1918.1263758791868,-2.3241282359696624,Texas Red
F1,15.987531069962037,80.56962439426498,23.23354133713356,1850.0962412833912,-0.29555684995281356,Texas Red
F2,24.317117770041282,108.61478405899459,29.81956494553288,1827.7515084077804,-0.2866448020429797,Texas Red
F3,5693.473801452865,47.98956395033986,65.574655397633,2.3594821930739105e-12,-21.32743350347167,Texas Red
F4,171.78562516136344,91.57513088541559,9.868481547956941,1872.5836026939057,-3.211213288949851,Texas Red
F5,1.4001054054877493e-11,115.33369271754579,76.04248364236881,1864.043872622857,-1.7570110829355077,Texas Red
F6,137.63339928755278,92.93443846468077,8.81285645610264,1881.4284776114928,-2.9299916067858507,Texas Red
F7,154.11712003986918,91.33081138300089,9.58108973049063,1869.8814309088946,-3.0819091727873507,Texas Red
F8,142.58006963559413,91.87229744866927,9.58991621609409,1890.3162447503883,-2.904891372921032,Texas Red
F9,160.61402290820803,92.08266284632764,9.386951006208966,1890.1894097196882,-3.253104546416882,Texas Red
F10,5070.209255911798,47.61835800720639,89.02081845765834,7.753197141024742e-09,-14.146892173899746,Texas Red
F11,74.36560745012954,99.41665070775427,5.996149379451028,1910.6388771119655,-2.316343841898776,Texas Red
F12,65.8739347876301,102.09852329884593,5.089569005860825,1924.1160104078315,-2.359354234137215,Texas Red
G1,5563.264439895547,48.836218981193596,70.153852260356,2.660536523294451e-11,-19.526727394317422,Texas Red
G2,1629.3603741585348,40.16172364925394,41.0700667716494,1409.0437289649617,-9.59725497471698,Texas Red
G3,5690.828203126098,49.56424000724998,68.32017941914803,3.676754231413234e-11,-20.47880953356882,Texas Red
G4,178.6329140907586,90.88202884659971,10.078861684018365,1880.2578575267632,-3.3863288761797823,Texas Red
G5,162.39328822858502,91.76066917610054,9.358537527740028,1887.5533231916816,-3.3321671887336533,Texas Red
G6,64.5951703737298,101.79958913469966,5.175758058721594,1880.2252327537617,-2.330505731897932,Texas Red
G7,115.97982603682573,93.56938026652163,8.257790207696681,1880.4304824392434,-2.6298645269610637,Texas Red
G8,75.06101326991255,98.37958116890769,5.914831747567044,1896.2226853647683,-2.268925615611461,Texas Red
G9,116.99211787028352,94.76842009909689,7.560734687053022,1895.631002177414,-2.8077206852388996,Texas Red
G10,1.313038663472961,32.031404887910455,5.171093863698291,1860.0230156671928,0.01317366494574872,Texas Red
G11,348.41060485705884,82.11486481416176,99.99961577379632,1776.529587509083,-0.8240775052312015,Texas Red
G12,3.432143473854886,21.838341463847843,0.5000000000000003,1875.5323150092047,0.005133653357112863,Texas Red
H1,5535.587804181345,47.22899873774975,70.05609121337095,1.028659136413342e-09,-19.402865295747777,Texas Red
H2,148.03519320225135,31.365921363885818,11.141119245308518,1840.2429434061141,-2.5915678923654393,Texas Red
H3,427.9165656901373,38.172023785066415,20.807263717162037,1802.006105570225,-4.614799702666308,Texas Red
H4,98.19948955033482,97.5884573581273,6.634643293048611,1887.4985047566292,-2.7668302917733545,Texas Red
H5,1.3666851675959318e-06,1.1925261222973234,99.99991673354153,1865.7446079577257,-2.191488119747781,Texas Red
H6,119.78263698451687,96.51232047002865,7.049028385849214,1909.7468019425064,-3.176586294660317,Texas Red
H7,124.22584139154709,96.17340955313472,6.860318717709082,1899.591710691117,-3.2772248228762777,Texas Red
H8,115.36670642321661,97.61385391744267,6.826153548549082,1916.9715209797455,-3.1676104848855013,Texas Red
H9,111.48416169475692,98.80437257072457,6.7686261388487425,1906.0699432048136,-2.969403059370422,Texas Red
H10,9.707388844200718,41.31460485550413,6.5696379301395815,1873.4295546953458,0.0491394808766543,Texas Red
H11,2.8653843552753595,35.206993070478475,0.5000000001841137,1871.6301063572932,0.010904522165065201,Texas Red
H12,3.199504052140584,45.08214989219356,13.491692267785217,1904.0072331799483,0.010684882332692729,Texas Red
A1,273.8055772807927,33.548794404362866,99.99999597231742,1624.340221132242,-0.6793136531757129,Cy5
A2,1.5819746826549466,41.835345246693876,3.766074024725755,1740.5777816100876,-0.034239873826805614,Cy5
A3,9.912975591069106,3.701707921848472e-06,99.99998992691712,1732.5889321327272,-0.027614685899269263,Cy5
A4,30.531142759785475,29.585712760235477,12.626738531335755,1739.3678657129444,-0.4663740675358312,Cy5
A5,7.345553318541653,102.899114583908,4.661186337712153,1744.6926850761454,-0.3149232489340541,Cy5
A6,18.47208839474581,22.33268289763771,8.167783828873514,1736.572698669114,-0.3676494979388413,Cy5
A7,13.517214910848518,94.1627293139952,6.581157089673189,1743.0236433304956,-0.34158954803689995,Cy5
A8,15.457516630712027,94.45831357980018,9.223461844894835,1743.55693243463,-0.3324272207794057,Cy5
A9,14.416196674012516,95.81906272148929,8.569939482476146,1749.3480048624708,-0.2932225273486917,Cy5
A10,660.6839355039845,11.702062166810164,99.9999976803485,1440.4696679162162,-1.5640792218306336,Cy5
A11,23.623193165059217,6.797330779742213,7.258117969873077,1741.98965946757,-0.3292033998401664,Cy5
A12,19.911592685048255,82.38975388027428,10.006706172769539,1752.6187084360324,-0.37535692355677974,Cy5
B1,482.41580171582655,30.865158656728767,99.9999999760721,1543.4530758113754,-1.1667293997456656,Cy5
B2,1646.5085796404262,46.132152605287544,99.99999998846795,1107.595709021423,-4.055465965413028,Cy5
B3,164.08572834543057,4.206950757436247e-10,99.99999999998367,1660.5312449005,-0.3868303398492583,Cy5
B4,20.570696400421483,93.81506106569397,9.548686500784616,1750.9415621777462,-0.4455691077217199,Cy5
B5,20.835779899336437,91.01158277538164,9.346617041035557,1748.026595423159,-0.4186133747829691,Cy5
B6,17.229913817925077,96.9353039109017,7.620349770659958,1749.3209260187418,-0.4299944449197716,Cy5
B7,18.881953087463586,93.48540668479419,7.965570290017617,1749.8841857576408,-0.4480983618058391,Cy5
B8,15.047519490880894,96.11190989842541,7.588889532609087,1754.1772905278247,-0.41421193182747545,Cy5
B9,12.987984893374191,93.87290737714635,6.641454220258513,1755.31444700268,-0.38164603862242846,Cy5
B10,3.912572496921823,5.466090007332482,0.5000000002015283,1747.0251967988152,-0.0018148023363363567,Cy5
B11,11.25916616746159,17.59054054515286,3.8600713253139216,1751.9055332573666,-0.31999167202701684,Cy5
B12,5.180119530206664,98.34291818461773,0.5000000000001293,1753.7503158707939,-0.31837055171231854,Cy5
C1,2958.9972291137556,43.648944012852226,99.99999982493041,584.3649894126163,-7.309769749562757,Cy5
C2,410.42126799297944,30.69042093251925,54.35465401233631,1595.5238955831492,-1.7890633213060767,Cy5
C3,16.664199942697223,3.9910643068569364e-22,0.9975017111732822,1729.2581857583823,-0.0027705306326948277,Cy5
C4,19.54240969526747,92.55312009739882,8.543505637051322,1760.9956526395436,-0.47235917009792205,Cy5
C5,25.99978882016388,95.25227345728797,8.547974354283951,1778.1274021410106,-0.6231706550329872,Cy5
C6,22.267802839412266,93.69672463251214,9.8513381407911,1751.7401091687261,-0.4689232087050375,Cy5
C7,18.12624298479403,91.93944055803766,7.906302067661503,1750.1161060404668,-0.4417050169774584,Cy5
C8,14.440499884032928,93.33228075075371,7.497798173629562,1755.7666130677242,-0.42347306267267015,Cy5
C9,11.937530491362613,100.3308478115446,4.772376227288111,1755.7469831894093,-0.4038295170832559,Cy5
C10,1033.0764946767101,39.79422990170154,99.9999999902272,1333.2733425343363,-2.562612554505759,Cy5
C11,14.596021603191838,90.42474194891574,6.387173298614441,1752.9705512774322,-0.4313401968349017,Cy5
C12,18.467582133877812,88.90009128936323,8.394600864018475,1755.6237015182703,-0.4402494839781008,Cy5
D1,3.3474717316816314,20.783842403498483,21.37341264869739,1747.8156159754903,-0.014875088605694557,Cy5
D2,384.95000555042645,44.43245657493642,99.99999832965581,1594.8937099233908,-0.9434614491976535,Cy5
D3,1.6751302847911613,18.27793119106317,0.5000000000024236,1742.4568542710024,-0.010976946223097334,Cy5
D4,15.750070814950984,94.93016622432192,7.563376937649748,1751.8287526187803,-0.3951258559634201,Cy5
D5,8.595322242384666,99.85437306018792,3.7191628966309045,1753.4710191566755,-0.35657544263087104,Cy5
D6,11.295692291016223,94.80620360577774,5.432554760314654,1751.6080030625874,-0.3751492056042832,Cy5
D7,9.18509824906098,98.22246711687525,6.564239553159262,1751.1586514991786,-0.31631167266854876,Cy5
D8,8.38416185276329,97.38057889659068,4.249936832758827,1754.3629563779618,-0.35701723745581965,Cy5
D9,15.352965243407214,15.222853561848174,5.233376242468907,1745.069658112945,-0.3621257097163902,Cy5
D10,261.193926433384,21.703263466599417,99.99998939129526,1634.0890093334951,-0.6134174803950383,Cy5
D11,8.444446006998986,17.7271614311782,4.124963226551347,1749.52998665188,-0.3091671181023223,Cy5
D12,5.222225165892519,103.52266296655928,5.24666392515872,1750.433491311047,-0.26470545306041604,Cy5
E1,44.66115004479484,2.830746309510988e-06,99.99999968982895,1728.69491877659,-0.10415416364132848,Cy5
E2,647.1190283364239,51.04095739973507,99.99999937226036,1505.3552083840984,-1.5966002332606646,Cy5
E3,1.0277139613291484,5.589535997115392,0.5000026078878471,1744.4724474210877,-0.006764687031771088,Cy5
E4,19.142177083434998,91.36394436297223,7.6880288686794405,1752.8332374624752,-0.45734696783757783,Cy5
E5,27.779102161409458,90.09586035683292,9.469343469320377,1756.413467021179,-0.5239048198444706,Cy5
E6,12.442983978626664,95.18693332525595,6.553938551152322,1748.9771904837123,-0.37276284556073036,Cy5
E7,23.203412111095496,92.30432049028158,9.895218681036635,1759.333228432519,-0.47929159545074346,Cy5
E8,19.46135606585467,90.21273487058475,7.862057369851301,1751.3137871867452,-0.46736534402879987,Cy5
E9,24.66318320821238,90.72815401914592,9.81730711031435,1759.0996862839115,-0.5079998847600407,Cy5
E10,1182.77936108855,37.75273945671762,99.99999996145192,1268.1806027544214,-2.9047311934577515,Cy5
E11,14.654278413596748,98.75445136015841,8.668581123289615,1754.0259653197338,-0.34448606643706525,Cy5
E12,14.025938540813524,101.65446684382964,8.574352638736267,1754.1468520821386,-0.34823578980818065,Cy5
F1,266.59917441878395,57.20677497634063,72.05712509723178,1671.3194390230954,-0.9040208666109373,Cy5
F2,614.3772026877264,54.426838522219356,99.9999992643283,1521.747146149235,-1.5300604705188692,Cy5
F3,3055.136372019353,47.32245914743744,99.99999972976056,577.8834035985525,-7.570066614351131,Cy5
F4,25.63075321284664,91.87732297805628,9.872683267783751,1752.3321845217304,-0.4875398124730043,Cy5
F5,7.659854260883939,112.04802992341031,3.8993139814965643,1753.813640255905,-0.2933929415614315,Cy5
F6,15.84658288533371,91.39265230355736,6.85419331225772,1755.7577797819833,-0.41800454506400414,Cy5
F7,22.305051914430212,91.01122068261579,8.918338886583928,1752.2166277828644,-0.472022895461568,Cy5
F8,20.51232058988735,96.43494714138393,6.436141950880364,1800.8218691409986,-0.6419758429928668,Cy5
F9,21.312391296387734,94.34602352586015,8.70200060840655,1755.5760373199469,-0.48241278986931446,Cy5
F10,895.8205148515208,28.588948413907744,99.99999999795834,1364.5951649075992,-2.1771246505050525,Cy5
F11,9.512872805958795,96.77738878993212,5.221044220919296,1755.3750006053754,-0.35292689994429843,Cy5
F12,9.256675327540426,102.66769694831238,3.9640510121733223,1759.2018115340911,-0.3801825183594621,Cy5
G1,2565.8467883539774,45.299846986292145,99.99999984217472,751.5593500597705,-6.321584412358718,Cy5
G2,2747.959689301535,35.975001878963226,99.99999894725241,625.8766011269951,-6.790452888059638,Cy5
G3,2316.9657255980082,40.963535184833944,99.99999884381262,826.3256791177686,-5.695920056607625,Cy5
G4,27.702330228835432,91.35014231528005,10.143282311179195,1757.3594476358378,-0.5184231881930237,Cy5
G5,19.810698232875257,89.15979834752018,8.1026125301356,1757.3011963041527,-0.47773667931982106,Cy5
G6,2.8710899853025575e-09,143.9995314865577,99.99998490394115,1755.3232025018401,-0.2994186585370683,Cy5
G7,17.769964640615495,97.38760518265106,8.541145270501046,1757.1225432961699,-0.39903447688491006,Cy5
G8,9.450637007479825,99.5403666151915,5.459401235271369,1759.4630003123386,-0.33811954804201033,Cy5
G9,15.652051819566012,96.39166708347246,6.80595083489675,1757.02853820676,-0.4112370314325082,Cy5
G10,1.985944526164483,11.51202901278276,0.5000000000390904,1746.3498761598096,0.011553518681055218,Cy5
G11,7.784228897985491,9.154599615514285e-09,9.304622628764324,1744.1503621772172,0.0025533307126085936,Cy5
G12,2.75240963118373,7.679887680003133,0.5000000000000001,1743.434929510899,0.00951513452860859,Cy5
H1,2715.8727375120056,46.540714988197045,99.9999999999987,707.6151528538495,-6.712172247632816,Cy5
H2,26.891491484285684,30.839644457251165,12.014598019130357,1744.2805000248886,-0.427608076148952,Cy5
H3,74.58183119323785,39.94976651557891,20.362867363897934,1745.388473366399,-0.7865388685732474,Cy5
H4,13.177680775171796,94.79333942476184,5.8275187486705935,1758.5443930149236,-0.42495878138045323,Cy5
H5,2.155003767416184e-09,0.05246530849552755,99.99999999994948,1753.514616493198,-0.3340189831094925,Cy5
H6,15.86120782500276,96.38811350411126,6.2412061986233764,1764.3124279153662,-0.47147959412706414,Cy5
H7,15.757321057460292,94.97566853505911,6.198918694722141,1762.7858588671183,-0.5058315510442934,Cy5
H8,17.477898885815726,97.19277727222749,6.856066723110153,1763.6398403753467,-0.4840149129323997,Cy5
H9,14.987577386227942,100.64906522606738,6.64136809759006,1762.9243368629989,-0.44572999057322704,Cy5
H10,1.516792123510103,75.12590851919599,0.5439567110682659,1758.0644098083926,-0.040510396596934166,Cy5
H11,10.93980567660175,6.559566130385399e-23,6.9183932643376105,1741.6318341418614,0.00862138142910569,Cy5
H12,6.8928109171230005,3.7266791283925502,9.214045655164202,1751.9167878729515,0.004705677298987485,Cy5
A1,1.3525465827115253,84.22237484742101,0.5000000000744085,1822.1675734221485,-0.08278418424752718,Quasar 705
A2,1.3730878760654148,87.9289629917622,0.8095565421532281,1824.923885733667,-0.09612663203264177,Quasar 705
A3,516.8441438613286,68.09946146331586,99.99997704292213,1645.4104299358569,-1.3501618194709135,Quasar 705
A4,70.29083425074577,33.003046739814906,12.02598107191515,1827.7014908482774,-1.2223692674915745,Quasar 705
A5,25.214412687425643,104.21407918337502,5.373192652524084,1834.0951840660107,-0.8729282625520225,Quasar 705
A6,36.852568524519334,26.829305670160245,7.107408269100944,1818.3948493181556,-0.9728924611853859,Quasar 705
A7,40.32365660510858,94.58846265506257,7.926134753801001,1826.460581489211,-0.9802439614994597,Quasar 705
A8,42.7924402358775,92.73520463158263,7.7311609994705375,1826.0360141910646,-0.9693349739110603,Quasar 705
A9,41.3300513190194,90.82810879832955,8.548928824496175,1846.5219479223867,-0.8968069047889853,Quasar 705
A10,4213.340950317432,50.98307705547992,99.99999999999864,271.4053248192998,-10.485750305583677,Quasar 705
A11,7.368238380397421e-10,24.657929251872208,97.10624728220516,1863.9523841336816,-0.6720626755425589,Quasar 705
A12,53.65966405572111,89.01861759284483,10.784627643075481,1848.7198588630736,-0.9805986245155182,Quasar 705
B1,1488.6016249993402,57.20167717507996,99.99999995928985,1301.9929114475813,-3.7445348405480927,Quasar 705
B2,3459.4375192338293,52.062923456032706,99.99999999995762,541.6848322025174,-8.60203627351699,Quasar 705
B3,323.6443036088003,89.83243780094051,99.99805151763336,1737.9421498236543,-0.8494100761241345,Quasar 705
B4,53.522448004318015,91.41567054627782,8.434040115219402,1843.9255108332206,-1.1926611879339815,Quasar 705
B5,65.73991129705816,90.75586574520435,9.771223866260678,1842.078350834595,-1.2394380091911703,Quasar 705
B6,45.39220888173333,94.04382357215495,7.257281167534081,1841.0848504725855,-1.1705724754478073,Quasar 705
B7,56.24553747948522,92.41619546303151,8.079230489324845,1847.0569578746793,-1.2634519964913737,Quasar 705
B8,51.47009787969377,93.38865718003241,8.272211928681587,1854.4010540978766,-1.191489401818441,Quasar 705
B9,43.235686979650026,94.53634035750667,7.332340588223155,1862.8936891314936,-1.090965707546085,Quasar 705
B10,342.2078695692041,65.88696466745246,99.99999957733792,1739.0464092262903,-0.9032264802530265,Quasar 705
B11,4.92777841461444e-10,136.99950381199682,99.99996391158966,1868.218380281957,-0.6844675159051369,Quasar 705
B12,27.57468965469765,102.44397226940336,5.918169356474933,1860.9548014907198,-0.9317635484924255,Quasar 705
C1,4896.411134589419,45.040797030561556,87.77732148166979,1.2914994965401022e-08,-13.837647131750249,Quasar 705
C2,917.3772327990846,41.05857522511331,48.47624836080116,1556.771740152295,-4.6470375347139825,Quasar 705
C3,420.61218463631934,80.90332769094084,99.99996533845231,1702.5907377042488,-1.0818213079655927,Quasar 705
C4,59.183926508386534,92.34725535892602,9.399575636944544,1844.7282513371513,-1.200278515256515,Quasar 705
C5,67.11873097693034,91.33422704370399,10.20977354599643,1846.3817476736392,-1.29301854778666,Quasar 705
C6,69.0672159752321,91.55204471259115,9.650792362096412,1844.3821580646493,-1.3335975691674524,Quasar 705
C7,55.7721739017618,93.09618947690551,8.42091828082098,1841.599932743681,-1.2377065098250581,Quasar 705
C8,49.72910890459705,95.14518865103166,7.920545766053202,1846.7871286066932,-1.1559921994731408,Quasar 705
C9,36.25164445840044,98.74993524657935,5.797896917848988,1854.7501903460077,-1.096621775463612,Quasar 705
C10,4142.068931362634,49.78687969994396,99.9999999974049,275.7863651239296,-10.338440963567546,Quasar 705
C11,53.45788804167311,94.19717888356035,8.098047057290264,1855.2521746805548,-1.2175748357633858,Quasar 705
C12,57.093974200536486,92.52193928855388,9.16331317445717,1857.6105560334252,-1.1840359017732938,Quasar 705
D1,665.2585340974119,73.91691917116766,99.99999999611055,1622.206053022533,-1.6815629642159897,Quasar 705
D2,330.46490679911557,72.04117278223092,99.99999907205519,1722.219066670297,-0.8678681349753469,Quasar 705
D3,244.9361609730337,73.81014991538568,99.9997563893876,1747.4179516476806,-0.6482947400898441,Quasar 705
D4,42.018089053353464,94.48889147448415,7.331686654164803,1850.166481448657,-1.062404024267341,Quasar 705
D5,28.28555670451169,101.01570057385878,5.191640991432499,1852.8629405484392,-0.9550499744149107,Quasar 705
D6,34.61728590182285,97.34480589636742,6.756125898430017,1843.9757447779382,-1.0038316633107454,Quasar 705
D7,32.8120511290308,95.53368894007745,6.2094465613417995,1850.2041330324143,-0.9352884517557807,Quasar 705
D8,24.982854165030066,102.02805483023903,4.604498523314079,1852.644001871234,-0.9550777839150869,Quasar 705
D9,1.4096258446001832e-07,143.99999992574726,99.99994380058378,1852.9190401739506,-0.7577261631791327,Quasar 705
D10,4.613669163450591,83.36019501203212,7.2732136010357475,1849.7236940554328,-0.10135888119361226,Quasar 705
D11,2.5613783366860068e-08,143.99999963125384,99.99998379930717,1853.9963417094948,-0.6986282927982583,Quasar 705
D12,25.35636497487095,99.3359956880266,6.182732124734149,1848.191054205449,-0.7902602465559347,Quasar 705
E1,574.5513730396058,76.48445567707903,99.99999999938214,1659.0636715869825,-1.4972191456145965,Quasar 705
E2,856.4391805440117,58.79471433204342,99.99998370559967,1525.6227287720958,-2.196309036352449,Quasar 705
E3,3.4863544659244683,73.66116707078244,4.152691457385302,1824.9237907249287,-0.13551945337771976,Quasar 705
E4,59.38149978302016,93.0784423272653,8.58487569313947,1845.2999061553678,-1.2378373494070765,Quasar 705
E5,73.19721105963066,90.92241377642173,10.11230552292651,1853.968221019588,-1.3984934221239387,Quasar 705
E6,43.752066641433714,96.36416551428746,7.77166304964361,1838.2582788067289,-1.0746277892407405,Quasar 705
E7,63.01649862245191,90.86987338582668,9.332468038701451,1861.8389909313819,-1.319386808390662,Quasar 705
E8,72.4592367848967,91.13190041311049,10.31845308387267,1845.7750543010611,-1.3802691911509464,Quasar 705
E9,75.31821831703515,90.13890194833446,9.896469030376004,1864.2394825688634,-1.4135048991633437,Quasar 705
E10,3606.2345267057217,49.877281796414124,99.99999999981195,483.6381375037267,-8.987633911128924,Quasar 705
E11,43.09197274158782,94.07501796720287,8.166594035307824,1856.6950518525323,-0.9766188659542351,Quasar 705
E12,37.53223463301529,94.76695081980309,7.795529647669468,1856.9017634991774,-0.9767850809071438,Quasar 705
F1,337.10842913009725,108.29216277693402,99.99940549298165,1752.513034760361,-0.8731878720555896,Quasar 705
F2,555.7350521241391,86.20685293620856,99.9997830928013,1672.5435809751086,-1.4405982885338102,Quasar 705
F3,5044.62529437268,48.7293196412078,87.75843066564819,1.4015133674178532e-07,-14.260516481209727,Quasar 705
F4,67.77570714061272,90.44047962648476,9.251827023749694,1849.6917000469302,-1.322527791814383,Quasar 705
F5,19.82870752873642,19.404029537973233,4.614242564944427,1839.3843727905858,-0.8628898242294728,Quasar 705
F6,59.4882365772164,92.4709607289088,9.08799081879562,1856.9068930615654,-1.2564200095906004,Quasar 705
F7,63.07420180554111,91.77664476992983,9.898549441102391,1848.4391563416802,-1.2706701650703032,Quasar 705
F8,61.29079469869541,92.51750510856958,9.437829661506994,1867.1259428338394,-1.2458482478602602,Quasar 705
F9,63.56780427089828,90.65141822377335,8.703603085325108,1857.5177344048711,-1.3391543243793675,Quasar 705
F10,2442.4178873044416,47.95738610428532,99.99999994450141,913.5604099762427,-6.104368918378152,Quasar 705
F11,31.694929710861416,100.15351110002335,6.329033738717649,1864.5145504526838,-0.985817322119471,Quasar 705
F12,26.88807945349749,101.68223588801467,5.319242208170481,1862.1856561249883,-0.974424968961315,Quasar 705
G1,5029.947877962386,50.34655136807299,90.87173222637726,1.7425057108257525e-07,-13.728303965557764,Quasar 705
G2,680.8339844734618,42.274074671533235,39.819046216886996,1679.7822740957297,-4.153086932868398,Quasar 705
G3,5154.109044354685,51.57469554935946,89.08765117659011,2.3391775310634914e-09,-14.350426369978809,Quasar 705
G4,72.39402761221079,89.77628160358793,9.781084077786161,1854.343355015257,-1.3906353615992417,Quasar 705
G5,67.19162058198953,92.06845872708625,9.43668796283782,1858.4105337738874,-1.3795730427893165,Quasar 705
G6,26.263388924911748,101.08113502017035,5.315970704856585,1850.2410101262506,-0.9523610540271011,Quasar 705
G7,47.46893129538795,93.62235115736881,8.088258472317326,1854.5531552628697,-1.090317752471821,Quasar 705
G8,30.84844841866772,97.94828422734705,5.875917747726068,1861.3740292481114,-0.9356729219538563,Quasar 705
G9,48.58978572217275,95.00379466591865,7.49278408467463,1860.36191236173,-1.1606165090879603,Quasar 705
G10,395.67960222291595,59.89795717924617,99.99999317957842,1702.9139733095071,-0.9733707646477965,Quasar 705
G11,2.235232810429983,62.70177746365479,0.5001213971552477,1846.3567044502192,-0.027226576333952635,Quasar 705
G12,3.706240444037933,73.3036957272438,21.049259310117293,1838.8351557192143,-0.035921853145581495,Quasar 705
H1,4985.93353924111,49.52001592302142,91.97720923393531,1.94661789289295e-09,-13.447973266444663,Quasar 705
H2,57.06831714698815,32.33668252220683,11.056777898801236,1830.235114296759,-1.0649279324076693,Quasar 705
H3,169.06046648935921,39.12081757214268,20.7591172113307,1826.7110764824145,-1.8660149383610205,Quasar 705
H4,40.47729115814666,96.77977083666364,6.468573482048961,1863.718083504356,-1.1567203328264024,Quasar 705
H5,27.047848176562834,103.55230026036963,4.099272555819103,1856.5902251867867,-1.0660383392216863,Quasar 705
H6,48.10406386796639,97.36356837221633,6.947495971626574,1874.880900067635,-1.303699115238666,Quasar 705
H7,50.66190411250125,95.35763100749212,6.765886931442142,1868.1487800156888,-1.344560080202666,Quasar 705
H8,47.7572924612418,97.42415175035018,6.713745557082777,1869.5445217681504,-1.2830194609500194,Quasar 705
H9,43.797379111180646,97.35248210183849,6.466226213649302,1869.5145987454769,-1.2311936294578372,Quasar 705
H10,17.42359512367975,42.60851770263897,2.561215461071889,1854.5088968161876,0.03993633793346869,Quasar 705
H11,1.6738409535304482,88.07839613926414,0.5000114838720756,1850.649234440202,-0.022242632628698803,Quasar 705
H12,247.66520730280683,48.2477122529443,99.99999800766524,1767.5719092676027,-0.6110368689375181,Quasar 705
