,F_0,F_1,F_2,F_max,deltaF,R2_score,C_half,dFdC_half,C_lift,C_slow,deltaC,Fluorophore
A1,5924.116937496893,,,9018.96033181625,3094.843394319357,0.9921816501853195,143.23401369889706,46.67362389569075,,,,FAM
A2,5864.904467294276,9236.605406296929,5864.904467294276,9236.605406296929,3371.7009390026524,0.9940902437572678,143.53364141465048,45.451146148983824,119.99,0.0,-119.99,FAM
A3,6150.2119081236915,9582.828961723051,6150.2119081236915,9582.828961723051,3432.6170535993597,0.9917785608366284,143.52257509556776,28.61752739739197,119.99,0.0,-119.99,FAM
A4,5520.493375008933,12013.471556011282,21907.421831544758,26723.958476334887,21203.465101325954,0.998487523894122,83.04998676811886,4246.616266989985,80.57,85.53,4.960000000000008,FAM
A5,5819.995629495107,10694.435542232233,22092.24669804264,27015.575715992287,21195.58008649718,0.9977422007591896,58.326091977792565,4892.9744505497765,53.94,62.71,8.770000000000003,FAM
A6,5534.344954868905,11125.100701729623,21368.636597267036,26278.47709000846,20744.132135139553,0.9968879649685801,72.45786578707562,4401.271533585874,69.83,75.09,5.260000000000005,FAM
A7,5456.059305536468,9946.1832574967,20300.72213774079,25193.488441414323,19737.429135877857,0.9985938295068949,47.37680454933883,4461.1284282201,44.64,50.12,5.479999999999997,FAM
A8,5303.168322079647,9305.669690130951,19286.889909952166,23519.324615812766,18216.15629373312,0.9981541579421446,45.703188210790245,4315.153490536581,43.22,48.19,4.969999999999999,FAM
A9,4943.043197606688,8530.011782993384,17380.0102915706,21274.319381372632,16331.276183765944,0.9984553211774716,43.17639318094364,3821.381451797598,40.87,45.48,4.609999999999999,FAM
A10,3896.7696393502288,8296.362429228793,14068.20787247823,14690.372144961791,10793.602505611563,0.9992612187368319,111.18149599500302,2389.3009124521745,104.47,117.89,13.420000000000002,FAM
A11,4518.666550446088,9173.444382094665,19607.359198117418,24132.102811532855,19613.43626108677,0.9938271281377917,63.904081867050294,4427.750723384951,56.35,71.46,15.109999999999992,FAM
A12,4427.1042919273405,8330.133687343294,16736.99586738059,21766.273429322624,17339.169137395285,0.9998799370587358,37.18216835404963,3623.196173520676,35.07,39.29,4.219999999999999,FAM
B1,4113.855486997889,8126.908129547754,10647.700465192524,10647.700465192524,6533.844978194635,0.9981225265224266,119.73283175092821,1962.9639543284136,116.59,119.99,3.3999999999999915,FAM
B2,4397.750303797694,9568.793010921316,16417.611890917815,16960.767812349975,12563.017508552282,0.9991085639894157,116.2461184385403,2926.247203107653,113.19,119.3,6.109999999999999,FAM
B3,4518.696269528387,7377.8124735784395,4518.696269528387,7377.8124735784395,2859.116204050052,0.9891403657825903,141.76021468393137,31.023016613965037,119.99,0.0,-119.99,FAM
B4,4964.393534627076,9794.338279211863,21531.321628443446,26780.310304735078,21815.916770108,0.9973924073002951,44.28697398900607,5059.552605938335,41.02,47.56,6.539999999999999,FAM
B5,4918.140082714151,9239.522789237482,20861.06757561995,25254.07549353569,20335.935410821538,0.9984971712052783,41.902466659937225,5031.964992155122,38.65,45.15,6.5,FAM
B6,5054.288623248062,10544.924440488438,22778.313606684846,28837.291241827163,23783.0026185791,0.9968312813422241,48.12944886290594,5249.371858598709,44.84,51.42,6.579999999999998,FAM
B7,5540.846514782896,10237.282161249517,23083.14492493219,27787.958937288844,22247.112422505947,0.9981879014620114,46.157439831604265,5565.2145283451355,43.31,49.0,5.689999999999998,FAM
B8,4936.865578714274,10396.121905331276,22381.57010207664,28572.124764828677,23635.259186114403,0.9982521942481407,46.22475429799731,5138.132455725138,42.82,49.63,6.810000000000002,FAM
B9,5127.250485980617,10091.875520013693,21985.704943326033,27304.979917628578,22177.72943164796,0.9986529530687623,47.78916869912485,5120.511692837592,44.41,51.17,6.760000000000005,FAM
B10,3645.727620257715,3645.727620257715,4534.708277253318,5644.947660953398,1999.2200406956827,0.9998231881064307,17.715694108108075,211.10746098143392,0.0,39.56,39.56,FAM
B11,4928.794651741311,9511.798638884207,21042.187812280303,25566.69692394614,20637.90227220483,0.9975009360499294,62.72132150490186,4921.52440480352,51.82,73.63,21.809999999999995,FAM
B12,5030.661213729825,10142.429264645076,22491.941247715655,27790.415441469522,22759.754227739697,0.9947495097658994,54.52216635488868,5224.291537561638,44.56,64.49,19.929999999999993,FAM
C1,3810.2014224802097,8009.899581911624,15910.54985894359,18950.322996570256,15140.121574090046,0.9987735154785476,102.21757368714101,3393.6057930091742,98.8,105.63,6.829999999999998,FAM
C2,4171.2480519390165,9114.239404453449,20020.803244830975,22932.888641916576,18761.64058997756,0.9974072571701648,100.42349984649529,4642.097067752759,91.03,109.81,18.78,FAM
C3,4263.743118699294,4746.401122386737,5454.47433777427,6219.0565998475395,1955.313481148245,0.9985747999051456,49.150301243255754,127.41195097776176,31.55,66.75,35.2,FAM
C4,4657.425737262145,9093.179243539333,20743.80200627163,25335.389114513255,20677.963377251108,0.9951530991635695,43.53582262869019,5034.111380430606,40.14,46.93,6.789999999999999,FAM
C5,4799.299651677065,9469.206302491046,21866.879969492504,26665.4558776981,21866.156226021034,0.9968035376681118,42.68427820757783,5356.868605919696,39.69,45.68,5.990000000000002,FAM
C6,4905.633576153365,9633.79581805048,22441.384220969623,27205.06305556804,22299.429479414677,0.9985637773167236,42.65862642850692,5541.836146280224,39.29,46.03,6.740000000000002,FAM
C7,4936.817655375337,9836.592214075845,22496.99112243774,27590.91293357314,22654.095278197805,0.9988098623738028,45.57972776647024,5467.358417349584,42.63,48.53,5.899999999999999,FAM
C8,4859.39753865468,9900.474308167735,22212.851389385705,27606.14716759122,22746.74962893654,0.9984904184540369,46.783110780916246,5310.04949565607,43.54,50.02,6.480000000000004,FAM
C9,5132.700640789806,10371.883503306683,23624.47777917751,28953.380403743024,23820.679762953216,0.9986941345581861,54.078256270711265,5722.995932480051,50.58,57.58,7.0,FAM
C10,4772.555506104295,10407.35759514378,16440.41032344372,17162.845139057423,12390.289632953129,0.9956577598624933,111.37856312658062,2457.4628032545643,105.0,117.76,12.760000000000005,FAM
C11,5023.046336907633,10323.771646894147,23232.925119146206,28975.894268793647,23952.84793188601,0.9984125644089041,46.243590218619495,5529.141641848932,40.64,51.84,11.200000000000003,FAM
C12,5012.234039112063,9710.88382709599,21591.775078943152,26639.02864145678,21626.79460234472,0.9988292022445444,42.47675864624724,5113.161072897622,37.78,47.18,9.399999999999999,FAM
D1,4169.015354747762,4489.259829991193,4914.369093752837,5545.2224319936795,1376.2070772459174,0.9991423213744689,43.91090209103698,69.5749747219073,28.86,58.97,30.11,FAM
D2,4070.787349370846,6408.482634220153,4070.787349370846,6947.793737721066,2877.0063883502194,0.996436168358798,121.10650538803793,785.4253701400622,118.16,0.0,-118.16,FAM
D3,4169.338727436229,4563.020823481007,5187.511344745302,5788.134355189732,1618.7956277535022,0.9972662470991716,50.28391633547554,113.14674798126067,31.3,69.26,37.96000000000001,FAM
D4,4388.589839562172,9010.2451526648,20284.67531959923,25163.13357715411,20774.543737591935,0.993555514339947,48.490702888075425,4857.326621921027,44.82,52.17,7.350000000000001,FAM
D5,4657.63338734092,9039.168479677515,21012.379819278558,25381.82426806285,20724.19088072193,0.9987247527554907,56.55588248779001,5184.595184994505,53.46,59.66,6.199999999999996,FAM
D6,4476.450505672456,9170.719379933813,20814.96084188568,25662.63976786891,21186.189262196454,0.9952427330066554,51.84400241104064,5019.4752089621925,48.09,55.6,7.509999999999998,FAM
D7,3920.6636424822204,8582.078757824542,18655.649798593568,23819.244718135647,19898.581075653427,0.99964705450012,49.07950799254469,4306.321397503436,45.19,52.97,7.780000000000001,FAM
D8,4760.378219531017,9546.42782560205,21759.301743236676,26569.632849786107,21809.25463025509,0.9962974669040988,57.316774046591085,5275.514376830241,53.74,60.9,7.159999999999997,FAM
D9,4116.081452699629,9466.967079951279,20845.694471596224,26126.887096616192,22010.805643916563,0.9992511142321471,61.711907358818685,4876.650743572748,57.98,65.44,7.460000000000001,FAM
D10,3476.9864300646163,3641.8812688429534,4110.926325882805,5451.588505272959,1974.6020752083427,0.9927680959091538,18.707771112839787,96.29001114608147,8.7,28.72,20.02,FAM
D11,4533.955933136658,9913.499225444635,20583.60946181264,25912.678194136075,21378.722260999417,0.9976115833767,60.74829823415771,4413.493401919927,52.15,69.35,17.199999999999996,FAM
D12,4301.602653528657,8847.237292995178,18335.258667987775,23350.105572236866,19048.502918708207,0.9992332076103941,51.793239644175664,3943.380563664336,43.88,59.7,15.82,FAM
E1,4460.905938035246,,,7318.723849392812,2857.817911357565,0.988134825911946,143.99577256012893,30.335821872222144,,,,FAM
E2,4432.5910711468205,8149.5117940958835,9933.041721577185,10084.144155166658,5651.553084019837,0.9953809986552347,116.90448651673555,741.6527668273077,114.41,119.4,4.990000000000009,FAM
E3,4813.11135395042,8563.556587934545,4813.11135395042,8563.556587934545,3750.4452339841246,0.9907325388494236,123.88964071968313,8614.750204649676,119.99,0.0,-119.99,FAM
E4,5321.969363162371,9915.565642372632,22684.338749603827,27269.977324400712,21948.00796123834,0.9978823863199716,45.342690283032574,5536.443389834289,42.53,48.16,5.6299999999999955,FAM
E5,5571.354639264481,10383.329425612224,23666.701340348376,28479.02616894211,22907.671529677627,0.9935971816058132,42.4451087464814,5751.995678426757,39.31,45.58,6.269999999999996,FAM
E6,4826.683451644274,9791.616429049258,21683.511593772637,27052.650435603937,22225.96698395966,0.9990045357861963,47.5239024707704,5094.730747767369,42.38,52.66,10.279999999999994,FAM
E7,5260.399436422319,10648.09942786914,22957.775053289704,29130.04482183827,23869.64538541595,0.9953859136200575,43.12099959431107,5295.953315049,40.1,46.14,6.039999999999999,FAM
E8,5057.399532639568,10404.7903779538,23323.06425602197,29303.817390903787,24246.41785826422,0.9989001511840118,41.71490619575863,5559.062324018856,38.07,45.36,7.289999999999999,FAM
E9,5272.128119049582,10391.589800390682,23562.22241405605,28996.715752638327,23724.587633588744,0.9976425649042339,41.005242435376,5691.145111630749,37.43,44.58,7.149999999999999,FAM
E10,4053.6013490893656,8036.2558938797065,12310.109130385506,13472.179986600244,9418.578637510878,0.9984249402164891,108.80557416851627,1758.767607304121,103.32,114.29,10.970000000000013,FAM
E11,4575.897529633126,8870.94461230181,19524.99232567445,24135.015924320152,19559.118394687026,0.9994924230826796,45.27075613376416,4580.995940450285,40.68,49.86,9.18,FAM
E12,4611.382071139509,9461.408399433267,20202.36154047805,25649.184828144236,21037.802757004727,0.9977654016177734,47.82266451169499,4553.60242181127,42.01,53.63,11.620000000000005,FAM
F1,4815.83341276718,8223.120351516636,4815.83341276718,8223.120351516636,3407.2869387494566,0.9889522996558526,143.82080105760824,140.31926122825323,119.99,0.0,-119.99,FAM
F2,4909.279130936961,8406.34759060202,4909.279130936961,8406.34759060202,3497.068459665058,0.9881336324654734,143.46305186319682,91.71709861504002,119.99,0.0,-119.99,FAM
F3,4759.963999400185,11043.899282409766,20085.030003859847,23113.30582572417,18353.341826323984,0.9996262598837166,108.63891171317123,3838.567877547063,104.48,112.79,8.310000000000002,FAM
F4,5258.789627090296,9907.306711439085,23021.00615904833,27669.452718241166,22410.66309115087,0.9983257690410914,42.484975510022416,5694.189908870757,39.03,45.94,6.909999999999997,FAM
F5,5085.5253044026795,9918.885568216836,20836.099396333655,25573.453703634554,20487.928399231874,0.9969484695755013,63.20843912813858,4709.237926563856,60.34,66.08,5.739999999999995,FAM
F6,4977.614577545018,10004.47708975244,22271.30098914806,27707.58198325862,22729.967405713604,0.9980799419048515,44.88886984036106,5286.718136480746,41.29,48.49,7.200000000000003,FAM
F7,4983.602062120701,10112.009066059234,22079.01742606087,27890.727094972925,22907.125032852222,0.9948478520660717,42.784477903767566,5149.841618406575,39.7,45.87,6.169999999999995,FAM
F8,4731.026798176075,9585.410169801467,21180.93825792126,26661.30618849023,21930.279390314157,0.9981023134006769,41.96456716677232,4978.453834371826,37.95,45.98,8.029999999999994,FAM
F9,5237.32960318166,10595.184026537028,23604.649851951683,29471.769803013816,24234.440199832155,0.997734875127014,43.563764058471804,5605.957428094526,40.27,46.86,6.589999999999996,FAM
F10,3906.5250939876933,7698.096986857788,11364.525721882348,12208.335702486866,8301.810608499172,0.9958706506499831,109.25225219896528,1483.3504799658758,103.25,115.26,12.010000000000005,FAM
F11,5027.85756997653,9962.083369194199,22335.99621721008,27458.359165738955,22430.501595762427,0.9921834003680116,52.31289372295902,5274.663414010177,42.95,61.68,18.729999999999997,FAM
F12,5084.436625647054,10832.633437897079,23428.801455444675,29435.11525647562,24350.678630828566,0.9997126873803734,55.15238333892785,5307.885065869644,47.74,62.57,14.829999999999998,FAM
G1,4120.579558174313,9233.138858727096,16659.195955812465,19088.28142559586,14967.701867421545,0.9995767163697141,109.52092977208494,3159.157380999063,105.56,113.48,7.920000000000002,FAM
G2,4213.188363733699,10098.673341916678,19212.558769472515,22964.78384241419,18751.59547868049,0.9984655202850301,98.07149654146376,3879.7109779926313,94.24,101.9,7.660000000000011,FAM
G3,4541.233513627777,10666.387775385287,19748.98147032444,22020.36902364584,17479.135510018063,0.9979144724401283,111.62191888590286,3859.6700145711575,107.36,115.89,8.530000000000001,FAM
G4,4888.89574004552,10035.528111603742,23100.425874027325,28630.737640483723,23741.8419004382,0.9987876504675746,41.568851123445924,5631.024013488148,38.03,45.11,7.079999999999998,FAM
G5,5045.497001751182,10512.71914579966,23726.323583268982,29742.08887827662,24696.59187652544,0.9955609983970289,43.90631585965143,5683.184685374924,40.36,47.45,7.090000000000003,FAM
G6,4783.3717353316515,10180.469266242675,21675.21000296614,27218.198578719515,22434.826843387862,0.998117914862065,56.875336705428495,4934.650674475881,53.42,60.33,6.909999999999997,FAM
G7,4551.394786410405,9301.440058552493,20417.687616823277,25657.486197690563,21106.09141128016,0.9985022765845588,46.017820831378984,4775.005406478857,42.2,49.83,7.6299999999999955,FAM
G8,4581.628218170111,9465.035561226317,20377.769774846198,25538.133010080343,20956.504791910233,0.9982645900892256,52.91486262280357,4671.410734326352,48.77,57.06,8.29,FAM
G9,4949.5914924388,10115.499513362476,22452.68440536435,27982.119687943716,23032.528195504914,0.9989940484859736,48.06440638886936,5314.249237075122,44.84,51.29,6.449999999999996,FAM
G10,2249.104422272028,2249.104422272028,2275.003001744065,2324.659765928457,75.55534365642916,0.9887414682260856,2.767704042621269e-10,16.295354444479088,0.0,20.6,20.6,FAM
G11,2291.7609404535597,2291.7609404535597,2315.719134927538,2353.277514846617,61.516574393057454,0.976701168406363,1.5598424772725125e-22,10.730621078522281,0.0,34.86,34.86,FAM
G12,2215.048316766726,2215.048316766726,2241.0388203144,2274.090363270197,59.04204650347083,0.9736555176225118,7.0632535250825565,11.909115939647865,0.0,30.75,30.75,FAM
H1,3815.311763434532,8169.111293413649,15454.529243072202,17731.431360519768,13916.119597085235,0.9993699405979832,108.2742852236079,3102.899881320433,103.55,112.99,9.439999999999998,FAM
H2,4342.565740915187,9637.763650594907,18631.917141049147,22786.62992853304,18444.064187617852,0.9993603302962363,81.81296238404286,3848.9348601086776,78.58,85.04,6.460000000000008,FAM
H3,4231.255019191701,10522.8014821259,20620.742599315538,24941.94073780544,20710.68571861374,0.9988071810793893,92.97260242877636,4309.475430457012,89.4,96.54,7.140000000000001,FAM
H4,4429.535814596784,9957.368192717946,23583.84655862206,29424.166665066692,24994.63085046991,0.9984761876597522,49.65377694216294,5815.436634151829,42.01,57.3,15.29,FAM
H5,5026.131567982739,10805.707182688124,24407.709577536447,30153.718243233016,25127.586675250277,0.9983348883940879,61.04384708875443,5872.51472347651,58.02,64.07,6.04999999999999,FAM
H6,4686.47580341021,11305.371127890972,25292.306885970174,32593.634737825483,27907.158934415274,0.999153953520432,49.920295575023694,5996.141016843754,46.8,53.04,6.240000000000002,FAM
H7,5110.443903837155,11369.833149046177,26421.758190078017,33019.164935286295,27908.72103144914,0.9994328815401945,49.897330945242174,6480.078680980283,46.16,53.64,7.480000000000004,FAM
H8,5010.055389765946,11234.21907453024,25465.929430804972,32167.05329556576,27156.997905799817,0.9995947592611933,49.68389686802306,6113.8824771256095,46.1,53.27,7.170000000000002,FAM
H9,5129.547450980631,11074.813056691708,25029.078661446107,31302.015400659075,26172.467949678445,0.9991011734833811,51.32688074159252,6004.725135065788,47.87,54.78,6.910000000000004,FAM
H10,2193.0185731990937,2222.2784453658164,2249.051133883354,2320.120454940144,127.10188174105042,0.9959231485550362,35.20838015965233,7.353826221754869,28.24,42.17,13.930000000000003,FAM
H11,2241.973651391735,2241.973651391735,2272.420192939751,2312.3829954351495,70.40934404341442,0.9866902771577134,12.505395947607706,9.81251890502625,0.0,33.93,33.93,FAM
H12,2198.813900902538,2198.813900902538,2239.565331904373,2339.969982788022,141.15608188548413,0.9933952432160095,3.0344648698470136e-11,27.47569133510674,0.0,13.51,13.51,FAM
A1,2760.6169790740964,2800.5403163588003,2918.8078767791667,3035.809305318917,275.1923262448204,0.9984240000366396,38.8536487507286,21.999352911869018,17.58,60.13,42.550000000000004,HEX
A2,2734.2101970299204,2773.6461626599603,2919.986499928632,3036.8613135910728,302.6511165611523,0.9985045257307364,40.591577753230325,27.62381347941607,15.99,65.19,49.199999999999996,HEX
A3,2811.338900278478,2811.338900278478,2989.1869442763796,3127.904014975634,316.5651146971559,0.9983454118225837,21.03589362049887,47.18519201215563,0.0,55.8,55.8,HEX
A4,2611.2916032657804,3214.679368656415,3997.673296600431,4415.634484713702,1804.3428814479212,0.9980356629088942,83.09956067327144,334.79297957152727,80.65,85.55,4.8999999999999915,HEX
A5,2608.4546153308224,3066.3274216004447,3991.995628392732,4460.523894629765,1852.0692792989425,0.9972234708052203,57.68313742971645,394.2518753103336,53.42,61.95,8.530000000000001,HEX
A6,2589.6678818459304,3111.0501238187853,3938.3623678167064,4381.03824695678,1791.37036511085,0.9958162352302191,72.20364291675456,354.7982072992954,69.81,74.6,4.789999999999992,HEX
A7,2534.993050260524,2941.940289127929,3778.4776651863826,4246.390779632563,1711.397729372039,0.9980738544213368,47.13658729890206,359.55049138875336,44.56,49.71,5.149999999999999,HEX
A8,2500.855957036999,2857.988257020349,3675.422627504873,4072.546638154097,1571.690681117098,0.9973178019874052,45.63948456621959,352.39566044886055,43.26,48.02,4.760000000000005,HEX
A9,2503.186887574987,2819.342638888874,3544.3015425212566,3904.1917260243845,1401.0048384493975,0.997766810540021,43.17010245462262,312.58530749037527,40.95,45.39,4.439999999999998,HEX
A10,2300.7639572728717,2709.47726103703,3252.3609158610725,3324.3551424402085,1023.5911851673368,0.9994859605332408,110.68813463590712,224.98977942677243,104.04,117.34,13.299999999999997,HEX
A11,2427.251176878502,2887.464567794751,3840.600535863946,4279.933800977837,1852.6826240993346,0.993629126827836,64.89437659746167,401.74999449786634,57.71,72.08,14.369999999999997,HEX
A12,2384.5583848600377,2759.7309758134847,3488.298729009447,4010.596117915352,1626.0377330553142,0.9997252290565207,37.30031888384336,312.5708917525424,35.19,39.41,4.219999999999999,HEX
B1,2282.1044005376903,2690.8701690217977,2282.1044005376903,2933.2302413666457,651.1258408289555,0.9979881499543127,120.11209961743691,215.4168075326826,116.79,0.0,-116.79,HEX
B2,2330.934972251171,2814.331825763386,3447.5374696483186,3495.634620816356,1164.6996485651848,0.9989071186275675,116.26568035674799,270.55467694767395,113.2,119.33,6.1299999999999955,HEX
B3,2349.040599819416,2407.422525326447,2497.237087848309,2610.7470246576063,261.7064248381903,0.9985189923760464,43.41572132193701,19.008686264963455,28.05,58.78,30.73,HEX
B4,2407.530584096125,2884.949521072546,3976.884243201873,4518.7271242726665,2111.1965401765415,0.9969731964307494,44.303955861930284,469.22831318809966,41.12,47.48,6.359999999999999,HEX
B5,2385.032870885034,2805.3804717734893,3900.529119358659,4338.5885761832515,1953.5557052982176,0.9981169732009543,42.13172269970341,473.32349038665944,38.92,45.35,6.43,HEX
B6,2412.4641897699166,2972.4058020508437,4116.437352714348,4750.878831813506,2338.414642043589,0.9974588676386166,48.65829349192443,490.6367910221178,45.85,51.46,5.609999999999999,HEX
B7,2491.12689526855,2955.7225259942097,4154.409538075835,4636.906288845319,2145.779393576769,0.9985875787689787,46.24701306235927,518.2692248053332,43.49,49.0,5.509999999999998,HEX
B8,2456.3613534281303,3005.3387406633606,4103.721714451588,4754.194401163282,2297.833047735152,0.9979764402021992,46.17277215043066,468.7451189968845,42.91,49.43,6.520000000000003,HEX
B9,2491.283874234705,2994.7973150902985,4071.2694476158827,4639.3730207247645,2148.0891464900596,0.9988247695247265,47.77780784630614,461.1944005635235,44.45,51.1,6.649999999999999,HEX
B10,2269.6759553570164,2269.6759553570164,2355.6309542305453,2449.82441230246,180.14845694544374,0.9984856349621084,22.126152193252338,17.55709284608569,0.0,45.06,45.06,HEX
B11,2464.364270986167,2940.1362971940125,3991.402322308594,4447.314103625204,1982.9498326390367,0.9970992171434193,65.02721020407398,440.85013786733646,55.13,74.92,19.79,HEX
B12,2490.4393485022533,3041.3117507671177,4132.496094375019,4710.061848645046,2219.6225001427924,0.9945622792288955,56.368656525661955,448.647230739381,47.73,65.01,17.28000000000001,HEX
C1,2206.6165439903016,2620.1605903580567,3417.4256681164024,3724.029265732866,1517.4127217425644,0.9982193160974141,102.10002301643374,343.133940794127,98.83,105.37,6.540000000000006,HEX
C2,2288.445447720849,2770.6080298042793,3875.9772365065105,4198.655441372384,1910.2099936515351,0.9968940353294535,99.14337128649333,472.25997323419307,90.08,108.2,18.120000000000005,HEX
C3,2328.314933240883,2328.315037918425,2497.537419935514,2497.537419935514,169.22248669463124,0.9928301259457908,62.47774194812244,1720.661028509377,0.0,119.99,119.99,HEX
C4,2335.544646207535,2805.157029985968,3942.9629488734895,4457.936504688978,2122.391858481443,0.99489213282784,43.94156159139092,490.02041698925956,40.81,47.07,6.259999999999998,HEX
C5,2373.1187812906173,2861.8647037475234,4069.610262615223,4599.527958635841,2226.4091773452237,0.9970609090084065,43.091307294110926,521.668932563874,40.38,45.8,5.419999999999995,HEX
C6,2386.521004385841,2873.2813493858052,4096.806770137573,4621.495678009309,2234.974673623468,0.9986345894395695,42.71371645449408,527.7796075049304,39.32,46.1,6.780000000000001,HEX
C7,2401.182737413821,2902.8334816240404,4118.877252918257,4661.522738039535,2260.3400006257143,0.9989350183352823,45.70651093821694,523.9791216748341,42.82,48.59,5.770000000000003,HEX
C8,2440.8063664003566,2957.9632909828374,4133.77224501089,4704.237372776824,2263.431006376467,0.998528739957697,47.08329681346745,505.446455528106,43.97,50.2,6.230000000000004,HEX
C9,2483.576446803805,3023.0487253366387,4290.5803475131515,4846.448724162196,2362.8722773583913,0.9989686436137103,54.472598925077214,545.8609720257557,51.11,57.84,6.730000000000004,HEX
C10,2461.2640526962496,3000.3296134235748,3579.9294717758776,3598.4578650243993,1137.1938123281498,0.9949200676655079,112.6812451401603,235.3693223313614,105.94,119.42,13.480000000000004,HEX
C11,2468.527213568268,2998.553584142722,4202.613869053067,4797.743334997809,2329.216121429541,0.9981283050647689,46.4404208206036,512.7785591132741,40.99,51.89,10.899999999999999,HEX
C12,2497.2146147546314,2958.1570350258075,4063.6741632233006,4578.679834697879,2081.465219943248,0.9986579333813375,43.2352829824003,473.65068833048645,38.6,47.87,9.269999999999996,HEX
D1,2358.860037144723,2382.5956984048635,2415.0877194563377,2462.3211241736144,103.4610870288916,0.9836135011491755,41.79125937269238,7.552491277901139,28.79,54.8,26.009999999999998,HEX
D2,2272.8004068927808,2507.562213835437,2272.8004068927808,2559.393378945665,286.5929720528843,0.9852366653732948,121.16974600326273,78.06893878634068,118.2,0.0,-118.2,HEX
D3,2285.4544111803207,2286.2470776801756,2428.371615508078,2428.371615508078,142.9172043277572,0.9838757721932276,63.06809910971229,1708.1949322101555,0.0,119.99,119.99,HEX
D4,2292.415095220325,2801.9743566685106,3910.8358389822656,4472.410383829282,2179.9952886089573,0.9928429629454903,49.03412687487506,475.8983772304806,45.73,52.34,6.6100000000000065,HEX
D5,2328.1214938743824,2802.347943455035,4007.2837401768766,4485.563466525088,2157.441972650706,0.9990071521542303,56.60904371504371,520.8079972282854,53.47,59.75,6.280000000000001,HEX
D6,2296.2781867463555,2813.0817441480713,3940.4288674177587,4490.610378855957,2194.3321921096012,0.9951441281232641,52.356553394973275,483.61363024108414,48.87,55.85,6.980000000000004,HEX
D7,2245.7794474330894,2744.820837115407,3724.596214114082,4293.383379974422,2047.6039325413321,0.9991183580492178,49.53350704128658,416.1568398680881,45.55,53.51,7.960000000000001,HEX
D8,2370.9020575119803,2885.5931138531137,4081.649523966659,4602.819559019847,2231.9175015078663,0.9965420059567958,57.64845070817211,515.4012646356338,54.22,61.08,6.859999999999999,HEX
D9,2284.587144243189,2872.4596690412027,4006.5014253725026,4583.423860435712,2298.8367161925235,0.9994615609400568,61.79622496669038,484.29388663430706,58.03,65.56,7.530000000000001,HEX
D10,2199.623957995585,2216.023151797445,2256.7950438041444,2383.689621186561,184.065663190976,0.9900587854663138,19.679765223376155,7.293964229293172,9.66,29.7,20.04,HEX
D11,2369.1547129659216,2909.5602712182344,3914.633139075899,4448.529940652249,2079.3752276863274,0.9976850934346865,60.839311833956124,410.14333496286923,52.01,69.67,17.660000000000004,HEX
D12,2340.025155402491,2801.693829935669,3653.8708458762526,4170.757298192833,1830.7321427903426,0.9991284217139239,52.67921426861058,348.383958495945,45.2,60.16,14.959999999999994,HEX
E1,2367.034043900395,2410.9690866339706,2521.1346086248245,2622.519109082197,255.48506518180193,0.9979231019826502,42.267163746310665,22.33865896975354,21.38,63.15,41.769999999999996,HEX
E2,2336.729476196251,2707.6948235565023,2895.464381851327,2912.7845384749494,576.0550622786982,0.9959350958165047,116.8469036499622,78.13097309088909,114.35,119.34,4.990000000000009,HEX
E3,2400.1108199207824,2468.172383098345,2541.1416663309747,2724.783820920228,324.6730009994458,0.9969015818943199,35.31516066348975,13.633239899567398,25.27,45.36,20.09,HEX
E4,2465.045820862237,2901.7325177391954,4099.262031016683,4536.783102761347,2071.7372818991103,0.9978758280555999,45.62746987018582,518.6248797068399,42.93,48.32,5.390000000000001,HEX
E5,2515.5072382509998,2986.1604969981945,4225.830443019009,4710.776108552956,2195.2688703019567,0.9935357939336351,42.622262588272164,536.1672949999355,39.64,45.61,5.969999999999999,HEX
E6,2391.1830192315847,2874.7598624072148,3976.0866651854076,4512.48743070808,2121.3044114764953,0.9988409595535244,47.13372192638285,470.5347182711111,42.27,52.0,9.729999999999997,HEX
E7,2507.601553238365,3050.548323205011,4166.724158100157,4824.662031758308,2317.0604785199434,0.9953422518241214,43.4206052522141,478.8366139519893,40.63,46.21,5.579999999999998,HEX
E8,2439.0149671555187,2964.388119499435,4158.617483594519,4777.220408528796,2338.205441373277,0.9988072016719403,41.48048212881044,511.6387004150487,37.86,45.1,7.240000000000002,HEX
E9,2522.6231091711875,3028.492069751901,4256.667229654836,4820.541047845471,2297.917938674284,0.9975735689114217,41.43749233119839,528.640118620358,37.92,44.96,7.039999999999999,HEX
E10,2296.2687864904115,2671.9413767829014,3064.549095323685,3178.4129224048547,882.1441359144433,0.9983647341895109,108.12896512674146,161.0868247341284,102.62,113.64,11.019999999999996,HEX
E11,2382.1273662204308,2803.9727645646467,3789.8893364539404,4259.785632080363,1877.6582658599323,0.9994116151787096,45.14267593657249,422.1321258771276,40.64,49.65,9.009999999999998,HEX
E12,2412.112273234889,2898.9324689392847,3864.573834767805,4430.947175384323,2018.8349021494337,0.997498360307889,48.4308230478501,405.1323671318349,42.83,54.03,11.200000000000003,HEX
F1,2440.067165629108,2501.895496881988,2603.421228005702,2760.1788912026323,320.1117255735244,0.9990530864727633,38.065772954369464,19.223420103756766,23.41,52.72,29.31,HEX
F2,2441.92124687309,2499.7153331470527,2603.81633140642,2772.2383403668578,330.31709349376797,0.9992301216934358,35.26295714279205,20.017592509584944,20.84,49.68,28.84,HEX
F3,2444.416976091298,3020.78612327931,3868.014078961628,4154.620585421922,1710.2036093306247,0.9995944621028605,108.30417216643782,359.8046524100048,104.13,112.48,8.350000000000009,HEX
F4,2476.093429405503,2917.179804139065,4151.487841627984,4592.360168834941,2116.266739429438,0.998549373346052,42.484183238726004,535.3282278306078,38.91,46.06,7.150000000000006,HEX
F5,2444.5545959318465,2909.2650739366127,3926.173667402131,4379.723255581015,1935.1686596491686,0.9968529994958464,63.37827550708946,437.99476185803127,60.56,66.2,5.640000000000001,HEX
F6,2460.952573384894,2958.9736969818205,4131.46118809857,4683.666927720338,2222.714354335444,0.9976986049317312,44.68483678594799,504.3262171053502,41.19,48.18,6.990000000000002,HEX
F7,2410.673812408026,2932.845460945781,4042.4717192878543,4668.696000895186,2258.0221884871603,0.9949719542401261,42.985526556879485,475.9424421705376,40.07,45.9,5.829999999999998,HEX
F8,2404.1974643692406,2888.830778112421,3975.8788979348255,4545.848696576601,2141.65123220736,0.9978529476683327,42.34700673321742,464.78711619366715,38.41,46.29,7.880000000000003,HEX
F9,2500.431177523137,3039.3576100425166,4282.571518659742,4892.6589482918325,2392.2277707686953,0.9977927192521886,43.90070712222708,534.145466871008,40.8,47.0,6.200000000000003,HEX
F10,2264.4225584895676,2638.321790630039,2994.3469120740483,3085.885752338239,821.4631938486714,0.995670676903374,108.93983384379317,144.38585160117245,103.21,114.67,11.460000000000008,HEX
F11,2478.097075557814,2991.192481958764,4102.472495263229,4650.337850785225,2172.2407752274107,0.9921694170095622,53.711089003360534,464.0322218763921,45.29,62.13,16.840000000000003,HEX
F12,2506.164191350669,3094.911727997261,4263.363938459632,4883.240991983217,2377.076800632548,0.9996677691443056,55.913408382673126,485.45213560762824,48.46,63.36,14.899999999999999,HEX
G1,2283.923742442323,2777.5864740379657,3493.930866326579,3727.0766860377635,1443.1529435954403,0.9995644161150881,109.67157310161669,304.8543728815144,105.75,113.6,7.849999999999994,HEX
G2,2317.5276516146855,2902.470171817466,3799.243240950953,4169.015360591493,1851.4877089768074,0.9982984238541507,98.46082386499003,382.43415169963606,94.86,102.07,7.209999999999994,HEX
G3,2387.5668081082813,2981.773523953734,3885.0908204806756,4122.057578859234,1734.4907707509528,0.9973403384529204,111.42851524091938,384.57293199098604,107.23,115.62,8.39,HEX
G4,2413.1219015389825,2941.178185540987,4199.233261881543,4793.560138459172,2380.4382369201894,0.9986678562838575,41.906188658111816,541.124546865855,38.53,45.29,6.759999999999998,HEX
G5,2449.8207501666925,3019.8964125552825,4285.275625233033,4941.951409716074,2492.130659549381,0.9952332196954504,44.31954623223084,542.8062479909538,41.13,47.51,6.3799999999999955,HEX
G6,2392.5216287512008,2934.7903172867204,3999.851073355766,4556.89297172741,2164.3713429762097,0.9980652754118877,57.33131881453996,455.74221106160513,54.03,60.64,6.609999999999999,HEX
G7,2354.860998028317,2835.8549471891497,3871.536682516127,4421.5058220522515,2066.6448240239342,0.9985808667861176,46.42902038492189,442.719502936005,42.73,50.13,7.400000000000006,HEX
G8,2365.771349551282,2859.698661195886,3849.6055026157337,4381.601447968864,2015.8300984175817,0.9984826893453765,53.38701682466123,421.2554047711193,49.32,57.45,8.130000000000003,HEX
G9,2435.1387944418175,2954.5542768692844,4114.058846499217,4687.472346938788,2252.3335524969707,0.9992400172075862,48.04058113123358,497.78455720219137,44.79,51.29,6.5,HEX
G10,1915.0722732203888,1916.4293584640561,1918.5701178472987,1924.1623495561732,9.090076335784488,0.597599013493138,13.771161687299378,0.9450120637140281,13.11,14.43,1.3200000000000003,HEX
G11,1947.6064480353373,1949.7197379116167,1950.7323086551783,1952.2233128301693,4.616864794832054,0.4020224597944365,72.82201342770472,0.44815008724141947,72.16,73.48,1.3200000000000074,HEX
G12,1926.7668201329304,1926.7668201329304,1932.5548368518828,1936.6496569391297,9.882836806199293,0.5878649269149396,3.9222457035741405,3.733138032287232,0.0,18.39,18.39,HEX
H1,2206.4065360686295,2640.585129140184,3380.604805173515,3608.445918170912,1402.0393821022826,0.9994337990266287,108.37061558708827,315.23928688686436,103.61,113.13,9.519999999999996,HEX
H2,2377.576245893101,2900.2422720827144,3773.480078250704,4181.2536831317175,1803.6774372386167,0.9983683206288537,81.50386582717199,373.63905017851,78.44,84.57,6.1299999999999955,HEX
H3,2312.3904458156385,2941.4383626446074,3961.8967198868854,4396.430349834226,2084.0399040185875,0.9986369613740895,93.03715287313982,435.9838224933492,89.54,96.54,7.0,HEX
H4,2359.123510323198,2953.9500485754193,4280.395794214518,4938.380735180643,2579.2572248574447,0.9981986606897005,49.44486684300644,558.527354153228,42.05,56.84,14.790000000000006,HEX
H5,2417.2080645830783,3002.6242203146385,4355.888102396983,4936.143081560575,2518.935016977497,0.9985360815501358,61.347658599100235,583.3962077725023,58.47,64.23,5.760000000000005,HEX
H6,2414.0128819045076,3123.441175922353,4435.78467718623,5247.6161108277265,2833.603228923219,0.9991654978614957,50.02139827999465,560.2308454121054,47.08,52.96,5.880000000000003,HEX
H7,2474.862623158911,3130.8954379067027,4581.939934810601,5294.439036289242,2819.576413130331,0.9995271018363107,50.073747955778,621.8352268193265,46.32,53.83,7.509999999999998,HEX
H8,2484.402356946432,3125.3909030618265,4467.202289108378,5180.082721262272,2695.6803643158396,0.9995456920825191,49.581205029544435,574.3210036152576,46.09,53.07,6.979999999999997,HEX
H9,2502.1068708809257,3120.4426872751665,4462.83699947946,5129.965175349404,2627.858304468478,0.9991989092071846,51.38683684411568,575.7203735665158,48.0,54.77,6.770000000000003,HEX
H10,1940.636362398784,1942.9570868009469,1948.1117545143459,1951.9494187746698,11.313056375885708,0.8033679869249095,30.423187588342024,2.104328909225587,23.41,37.44,14.029999999999998,HEX
H11,1935.234772355248,1935.234772355248,1940.468733225401,1943.6316840358604,8.396911680612448,0.5936903375421897,1.4461357321800758e-11,4.761088538790977,0.0,31.69,31.69,HEX
H12,1956.036628317155,1956.036628317155,1962.6242751863979,1973.6579324892768,17.62130417212188,0.723042567860175,1.0437605176620637e-10,5.510173349336638,0.0,5.2,5.2,HEX
A1,1804.8400747509495,1808.3375729063337,1808.9087391814414,1820.4753363202963,15.635261569346767,0.8026192636700935,88.55503621042132,0.18752167821160962,87.9,89.21,1.309999999999988,Texas Red
A2,1806.411752057951,1808.632309263216,1809.4152809718964,1825.1119418267892,18.7001897688383,0.865484487487252,99.53360960649646,0.2670433446310252,98.88,100.19,1.3100000000000023,Texas Red
A3,1779.4200812375832,1798.454653470727,1779.4200812375832,1798.454653470727,19.034572233143763,0.8706725241903402,71.23932831376275,77.05145173491178,0.0,119.99,119.99,Texas Red
A4,1640.7666623032874,1804.7450001737811,1812.1557238129449,1824.2903137973979,183.52365149411048,0.8965778304973988,31.32617975566536,40.1412321291985,15.26,47.39,32.13,Texas Red
A5,1656.5446434781077,1663.723650334654,1669.6558634275066,1851.0819011091912,194.53725763108355,0.8720365084746954,102.4940170658069,11.571423677457336,96.31,108.68,12.370000000000005,Texas Red
A6,1620.8678022729302,1789.0572194988974,1796.1387771435288,1805.933583636678,185.06578136374765,0.869308092812345,24.284818662814565,20.336247777145747,14.33,34.24,19.910000000000004,Texas Red
A7,1647.6106012168475,1657.9196574132,1666.353731423952,1832.3027593300642,184.6921581132167,0.8813011836435618,94.49716111918167,21.413085771552886,84.44,104.56,20.120000000000005,Texas Red
A8,1660.7752714155258,1671.0977865149246,1681.164534048768,1836.712755850432,175.93748443490608,0.8763408362973728,92.25773998262167,23.706742348767484,81.41,103.11,21.700000000000003,Texas Red
A9,1720.75083698542,1728.5694142099373,1738.870273009396,1879.330742296956,158.5799053115361,0.883194399867605,91.02528940355002,25.74923928849474,78.77,103.28,24.510000000000005,Texas Red
A10,1854.9339519435412,1895.8040731172302,1854.9339519435412,1902.1969226416106,47.262970698069466,0.6177801531010666,80.54163639540269,-0.3938909133214924,16.23,119.99,103.75999999999999,Texas Red
A11,1736.0169337145367,1906.0332016969505,1909.8776403079626,1920.7079835348773,184.6910498203406,0.9115062329556298,18.855510954617763,10.545489715977448,12.43,25.28,12.850000000000001,Texas Red
A12,1752.8947985157176,1761.0139072034162,1767.816933896324,1916.3328691532909,163.43807063757322,0.9078533289107488,89.96112260024559,36.141952962630846,73.76,106.16,32.39999999999999,Texas Red
B1,1824.7897422508695,1849.3930213391473,1824.7897422508695,1849.3930213391473,24.60327908827776,0.676084225700772,49.278056188116054,635.8237124476171,0.0,119.99,119.99,Texas Red
B2,1777.291234242076,1834.9533098192783,1777.291234242076,1834.9533098192783,57.66207557720236,0.742330418301679,50.16985021610335,1267.8201994933036,0.0,119.99,119.99,Texas Red
B3,1812.5715653644252,1812.625607612611,1825.158462584515,1825.158462584515,12.586897220089895,0.7896808101949961,143.99999999922994,4.070809127624089,119.99,0.0,-119.99,Texas Red
B4,1651.3820063030753,1667.1872800534707,1677.1333979510798,1869.0196298310063,217.63762352793105,0.8903976519099084,91.54052930024821,29.953258096972046,80.06,103.02,22.959999999999994,Texas Red
B5,1652.068921031694,1663.9242838148323,1677.5667872960737,1856.3350855996105,204.26616456791658,0.8885400490044875,90.05350612456955,33.59559647760303,77.76,102.35,24.58999999999999,Texas Red
B6,1631.0383138949874,1643.8926411434074,1652.1674884034219,1858.0831030986863,227.04478920369888,0.8882401413583859,95.27805371536536,25.547194035992693,85.06,105.49,20.429999999999993,Texas Red
B7,1633.573315398386,1643.9641369981168,1658.9605033369794,1860.169608406723,226.59629300833694,0.8776471144902234,92.69538637435026,31.099668695009292,82.03,103.36,21.33,Texas Red
B8,1659.3853753463404,1674.8440417854483,1683.4577873231528,1886.0595887018949,226.67421335555446,0.8975216960205454,93.54711581256946,27.203607431854596,82.9,104.2,21.299999999999997,Texas Red
B9,1689.8110064964062,1702.161052862601,1711.201402614768,1905.3492342986233,215.53822780221708,0.8857023122889257,94.72100079839367,24.62313184685233,84.62,104.82,20.19999999999999,Texas Red
B10,1874.3807077063257,1888.0383904616124,1874.3807077063257,1888.0383904616124,13.657682755286714,0.6647958208779914,66.57869267564983,303.2290050842046,0.0,119.99,119.99,Texas Red
B11,1724.9937300283013,1898.916604594785,1900.8814478379868,1913.6838623275332,188.6901322992319,0.9351429242893441,18.15039216416623,9.17801117597606,12.03,24.27,12.24,Texas Red
B12,1713.8633562545676,1726.8351937646062,1730.3487965825543,1924.885965422047,211.02260916747946,0.9353437807874204,100.50432094781155,13.234096025577061,93.37,107.64,14.269999999999996,Texas Red
C1,1703.6630330287007,1840.0952561699546,1703.6630330287007,1840.0952561699546,136.43222314125387,0.9165260715064684,43.961631499524586,1336.039943654871,0.0,119.99,119.99,Texas Red
C2,1677.0784456413642,1832.2703536226672,1767.921855788919,1832.2703536226672,155.19190798130307,0.9774469335326426,39.00016644600656,432.24129696125425,0.0,97.21,97.21,Texas Red
C3,1815.3991350637443,,,1826.7207698193586,11.321634755614241,0.7124328058634966,116.54747158989328,1.2724679016826093,,,,Texas Red
C4,1659.9243206087858,1670.298473198856,1681.0584292224787,1872.8033257357856,212.8790051269998,0.8880723240459589,92.40413414260516,32.989768199324686,80.01,104.8,24.789999999999992,Texas Red
C5,1652.449249179199,1661.9028036055531,1675.4840049804598,1873.842363520828,221.39311434162914,0.8812042665620966,91.45180855816653,37.61235515219,78.61,104.3,25.689999999999998,Texas Red
C6,1640.457472340982,1651.311015153175,1665.6733877816205,1869.274086331242,228.81661399026007,0.891449278905757,91.51442523962773,36.34661149458293,79.37,103.65,24.28,Texas Red
C7,1639.9798767076209,1649.9091608880829,1663.0385182242285,1866.6024276861833,226.62255097856246,0.880077960201415,93.24147298308662,31.68675496141014,82.07,104.41,22.340000000000003,Texas Red
C8,1661.4212842810239,1673.1828334437298,1684.7650054500607,1889.1616682071774,227.74038392615353,0.887476331088509,94.1358308081739,27.764982577682026,83.87,104.4,20.53,Texas Red
C9,1670.2881642968064,1678.1638163989523,1688.2928133873834,1903.1567457168737,232.86858142006736,0.867929306521456,99.46649921104374,19.377219470548532,91.79,107.14,15.349999999999994,Texas Red
C10,1786.8380856764636,1870.8215951495017,1786.8380856764636,1870.8215951495017,83.98350947303811,0.9388558217130608,48.21018266155157,1303.4557679191378,0.0,119.99,119.99,Texas Red
C11,1675.7499832436592,1688.5127699828718,1698.896846782067,1904.1263164185991,228.37633317493987,0.9181962575093826,94.00791211373627,28.1155140690836,83.44,104.57,21.129999999999995,Texas Red
C12,1716.7613136199411,1726.7080500681343,1738.1492652737368,1928.6115543834874,211.85024076354625,0.9125760717267031,92.08464653041972,33.81620878324759,79.55,104.62,25.070000000000007,Texas Red
D1,1833.9710692618187,1834.6353053563769,1835.7785670168164,1839.5238834537893,5.552814191970583,0.4146796500608274,84.05384878852973,0.4694712840658462,83.4,84.71,1.309999999999988,Texas Red
D2,1819.6969916364776,1831.0779434331546,1819.6969916364776,1831.0779434331546,11.380951796676982,0.49979193931349364,47.887059764552966,253.24975785470022,0.0,119.99,119.99,Texas Red
D3,1814.4564951421037,1814.4564951421037,1821.6204518900508,1821.6204518900508,7.163956747947168,0.4893944928231847,143.06596700514794,1.4715532800182305,119.99,0.0,-119.99,Texas Red
D4,1669.8808850029611,1681.3369118523942,1689.7135654329322,1891.724905754272,221.84402075131084,0.8879218522873468,96.22520174736621,23.32025945994965,86.6,105.85,19.25,Texas Red
D5,1664.7528302584822,1672.5026194519749,1680.5392280007636,1875.0783029364331,210.32547267795098,0.8496466723403193,100.93950108005554,14.49072160827809,94.26,107.62,13.36,Texas Red
D6,1656.1313308951444,1667.9543936172927,1675.7973041716994,1867.1130907841696,210.98175988902517,0.8723866333004184,97.24222613402584,18.557310215382397,88.91,105.57,16.659999999999997,Texas Red
D7,1681.2226261726644,1691.1782847828244,1697.3743264850057,1869.2307665808094,188.00814040814498,0.891687140024499,97.27618757875051,17.75774131252827,88.24,106.31,18.070000000000007,Texas Red
D8,1663.9037845159726,1672.89357381858,1679.5510238521404,1880.7202663084859,216.8164817925133,0.8573691579921956,101.47201164406997,13.926844934005093,94.86,108.09,13.230000000000004,Texas Red
D9,1654.227952937006,1849.583739199775,1654.227952937006,1875.2419147866326,221.01396184962664,0.8369349337807287,142.95445012868885,-1.8419364785252152,13.93,119.99,106.06,Texas Red
D10,1877.3193694386287,1889.757470918336,1877.3193694386287,1889.757470918336,12.438101479707257,0.5760178503225097,66.66307797008761,330.7772791445383,0.0,119.99,119.99,Texas Red
D11,1692.7212737209113,1860.7149512886854,1692.7212737209113,1894.2364328867338,201.51515916582252,0.9008628555597933,110.75734106873772,-1.6794329457936865,19.96,119.99,100.03,Texas Red
D12,1724.7861237648317,1734.2441193848174,1737.6005275506348,1893.4579564598525,168.67183269502084,0.9341547905621287,99.57528174650609,12.708759795325957,91.49,107.66,16.17,Texas Red
E1,1823.4361155606873,1837.7439269523068,1823.4361155606873,1840.4468206163135,17.010705055626204,0.8327860494794503,143.9999999999886,41.40942691141598,12.3,119.99,107.69,Texas Red
E2,1800.1182326705214,1830.2908259723547,1800.1182326705214,1830.2908259723547,30.17259330183333,0.8792703335497005,54.61021664665833,582.3414287793106,0.0,119.99,119.99,Texas Red
E3,1802.1168088358359,1806.9280423952735,1807.04413693847,1822.4060766262871,20.289267790451277,0.8739187182611594,87.97227273228908,0.3954878817438179,84.7,91.24,6.539999999999992,Texas Red
E4,1643.7543743419078,1652.126687814488,1666.9403977201298,1866.504548165883,222.75017382397527,0.875391177589563,92.88436396206794,32.510529248298006,81.66,104.11,22.450000000000003,Texas Red
E5,1642.1641372699553,1654.913466146751,1669.8421264423118,1879.5801951693386,237.4160578993833,0.8831190771207176,90.11170765548441,41.672658654295034,77.04,103.19,26.14999999999999,Texas Red
E6,1646.9439050907865,1656.8458813798516,1666.419839372522,1856.215968933779,209.27206384299257,0.9115639235252871,95.69954380204341,23.118725103102836,86.02,105.38,19.36,Texas Red
E7,1656.2058844803828,1673.5521529655264,1682.4202696790267,1892.4533552011007,236.24747072071796,0.8984656689466153,91.34797956122561,35.11970140977805,78.86,103.84,24.980000000000004,Texas Red
E8,1632.6603409694346,1649.010809445617,1660.1770605933832,1867.1734312518752,234.51309028244054,0.9011219812643533,90.581619938258,36.87575238730954,77.98,103.18,25.200000000000003,Texas Red
E9,1674.5705194797317,1687.5364114463455,1701.5994459379267,1915.0921391738727,240.521619694141,0.8975994935434112,90.46844680617323,41.72796396996834,77.34,103.6,26.25999999999999,Texas Red
E10,1803.901624971391,1869.0971634172588,1803.901624971391,1869.0971634172588,65.1955384458679,0.9319055681840265,46.95214433243191,1261.0727009005639,0.0,119.99,119.99,Texas Red
E11,1719.201577577435,1728.2227116281317,1737.8600481558847,1904.2035000604108,185.00192248297571,0.9022230843918695,93.77735092857495,24.068942757406766,83.01,104.55,21.539999999999992,Texas Red
E12,1722.9978548931663,1736.5078149588776,1741.8357699414664,1918.1265560671445,195.12870117397824,0.9163239701947371,95.66126328394282,19.3628825206554,86.03,105.29,19.260000000000005,Texas Red
F1,1828.1434915773352,1838.7055956877794,1829.84847329672,1850.5797361115851,22.43624453424991,0.902028378606307,80.56962439426498,3.701325917537696,49.97,111.17,61.2,Texas Red
F2,1807.8068906245642,1813.0138703499713,1807.8068906245642,1828.372106358403,20.56521573383884,0.8816245879865197,108.61478405899459,5.792634640467341,69.34,119.99,50.64999999999999,Texas Red
F3,1710.3641490382815,1849.200785845995,1710.3641490382815,1849.200785845995,138.83663680771338,0.9180030804296273,47.98956395033986,1402.0410168597446,0.0,119.99,119.99,Texas Red
F4,1649.919572804718,1656.5526453282428,1672.2657118259178,1872.5996309461016,222.6800581413836,0.8892332814201046,91.57513088541559,39.73519300139101,78.58,104.57,25.989999999999995,Texas Red
F5,1653.2201127814326,1837.3548742730695,1653.2201127814326,1864.0438726228595,210.82375984142686,0.8211637564078922,115.33369271754579,-1.7570110829320074,15.19,119.99,104.8,Texas Red
F6,1661.3865759245214,1672.2221033859578,1683.6736346234527,1881.4320995060637,220.04552358154228,0.8953804939359362,92.93443846468077,31.478358215102343,81.33,104.54,23.210000000000008,Texas Red
F7,1646.8297864332917,1659.8653130231967,1671.068789371245,1869.892598236618,223.0628118033262,0.892856416909305,91.33081138300089,35.447370837179946,78.71,103.95,25.24000000000001,Texas Red
F8,1677.1247270144795,1690.256474399691,1699.19995827638,1890.3260949928092,213.2013679783297,0.9020358849999547,91.87229744866927,32.7401260359775,79.24,104.5,25.260000000000005,Texas Red
F9,1652.6477803086177,1664.7923870712495,1677.0935325237385,1890.1982300458767,237.550449737259,0.8931442122981988,92.08266284632764,36.90040118063513,79.72,104.44,24.72,Texas Red
F10,1814.8661644862339,1872.7924779554126,1814.8661644862339,1872.7924779554126,57.926313469178695,0.945710334196194,47.61835800720639,1253.4054218040499,0.0,119.99,119.99,Texas Red
F11,1704.7359383409548,1714.362443538006,1720.7154467989626,1910.6388817972268,205.90294345627194,0.9312239624998498,99.41665070775427,16.27505802063361,91.52,107.31,15.790000000000006,Texas Red
F12,1704.988631717433,1712.9635325960558,1719.3686613289847,1924.1160105356564,219.1273788182234,0.9239199112824068,102.09852329884593,14.109129462770312,95.4,108.8,13.399999999999991,Texas Red
G1,1739.5991302137195,1850.7353985742411,1739.5991302137195,1850.7353985742411,111.13626836052163,0.896317282988051,48.836218981193596,1371.2893825795693,0.0,119.99,119.99,Texas Red
G2,1682.766916379265,1854.3675163404296,1789.5432708666926,1854.3675163404296,171.60059996116456,0.9389412869350278,40.16172364925394,397.7428385649167,0.0,94.25,94.25,Texas Red
G3,1737.313161504071,1856.2889332702716,1737.313161504071,1856.2889332702716,118.97577176620052,0.8750806493840594,49.56424000724998,1402.2282412479556,0.0,119.99,119.99,Texas Red
G4,1643.142483593688,1655.1986081979148,1668.4345726506972,1880.2795263461967,237.1370427525087,0.9006850600595886,90.88202884659971,41.271899646509866,77.61,104.16,26.549999999999997,Texas Red
G5,1642.5378385874526,1657.1756493645764,1668.7966908838318,1887.5622825526384,245.0244439651858,0.8986088071939812,91.76066917610054,37.2661548684126,79.44,104.09,24.650000000000006,Texas Red
G6,1663.3161339270548,1672.5174310605973,1678.0389463371762,1880.2252329392272,216.90909901217242,0.8745624907814348,101.79958913469966,13.818286861534517,94.98,108.62,13.64,Texas Red
G7,1676.3081522034695,1687.4665331591732,1697.2272017939156,1880.4318735687634,204.12372136529393,0.9013044686682172,93.56938026652163,26.365091982245367,82.69,104.44,21.75,Texas Red
G8,1697.1404729767273,1706.5429791623494,1714.5313723354814,1896.222689851474,199.08221687474656,0.8925427844020848,98.37958116890769,16.496327701866676,90.59,106.17,15.579999999999998,Texas Red
G9,1671.7047324727766,1682.2283287200205,1693.8585620048727,1895.6314234694685,223.92669099669183,0.8869164264273312,94.76842009909689,26.440308782331982,84.81,104.73,19.92,Texas Red
G10,1860.025690110967,1860.632678543179,1861.57017752039,1862.9167623336702,2.8910722227033148,0.1740600044843471,32.031404887910455,0.34143333081398897,25.22,38.84,13.620000000000005,Texas Red
G11,1881.596362308578,1882.9757233096,1884.4553977876365,1884.4553977876365,2.859035479058548,0.17366281959630148,82.11486481416176,86.27857370903351,0.0,119.99,119.99,Texas Red
G12,1875.5323150092047,1876.3665003464312,1878.3582993486598,1879.5804455493796,4.048130540174952,0.23837569370347622,21.838341463847843,0.8631695218208344,21.18,22.5,1.3200000000000003,Texas Red
H1,1760.3348074076594,1868.6263661737448,1760.3348074076594,1868.6263661737448,108.29155876608547,0.9181410711093869,47.22899873774975,1364.4940857495885,0.0,119.99,119.99,Texas Red
H2,1677.2639609675887,1828.2653617698963,1837.6825841022512,1848.6071390099894,171.34317804240072,0.9070589824853637,31.365921363885818,34.4172304081974,16.69,46.04,29.349999999999998,Texas Red
H3,1667.9665769242756,1842.7350368198402,1836.8860562885272,1860.9288467509568,192.96226982668122,0.9253623751560389,38.172023785066415,102.36434171986802,10.77,65.57,54.8,Texas Red
H4,1650.4615541547319,1662.4153788613353,1670.758793119745,1887.4985449454216,237.03699079068974,0.9312539909564393,97.5884573581273,21.78304209581035,88.85,106.33,17.480000000000004,Texas Red
H5,1602.7879495165882,1865.744608636994,1602.7879495165882,1865.744608636994,262.9566591204057,0.8228145187728939,1.1925261222973234,-2.1914877780764894,0.0,119.99,119.99,Texas Red
H6,1644.234115245919,1657.9689285878042,1668.1460352378947,1909.7469375290834,265.5128222831645,0.8900919003337168,96.51232047002865,26.7690729514689,87.23,105.8,18.569999999999993,Texas Red
H7,1626.840436249892,1640.270397256847,1652.7742705101293,1899.591812064931,272.75137581503895,0.8883949905184536,96.17340955313472,27.779235525010495,87.14,105.21,18.069999999999993,Texas Red
H8,1648.064957222687,1660.6261948906904,1670.2809237909644,1916.9715920484107,268.9066348257236,0.8944364851856,97.61385391744267,25.674066120918653,88.62,106.6,17.97999999999999,Texas Red
H9,1656.5856245827506,1662.7086429727972,1674.1351110120816,1906.06999421311,249.48436963035942,0.8871378500404442,98.80437257072457,24.90163736431881,89.89,107.72,17.83,Texas Red
H10,1873.4475492375798,1877.0852057383415,1883.541882372669,1889.0331287332067,15.585579495626916,0.8784170455538919,41.31460485550413,2.475986691926834,32.66,49.97,17.310000000000002,Texas Red
H11,1871.6301063572932,1872.6138049828778,1874.2854224552593,1875.8039243271548,4.173817969861602,0.3604085243756914,35.206993070478475,0.7272506109839051,34.55,35.87,1.3200000000000003,Texas Red
H12,1904.116577652734,1904.9750077038123,1907.2021417676722,1908.4764529544232,4.3598753016892715,0.293410459732547,45.08214989219356,0.8105608953678387,27.31,62.85,35.540000000000006,Texas Red
A1,1735.473953417154,1738.491387439566,1735.473953417154,1738.513383340909,3.0394299237550513,0.16298583120971888,33.548794404362866,67.77208066702246,0.0,119.99,119.99,Cy5
A2,1738.0513138307274,1739.6496348962094,1740.223362098487,1740.5778053152494,2.526491484522012,0.10713791484875346,41.835345246693876,0.36125379683693104,36.88,46.8,9.919999999999995,Cy5
A3,1736.8936371884454,1737.5454198365244,1736.8936371884454,1737.5454198365244,0.6517826480790063,0.008645944905477654,3.701707921848472e-06,2.4506292118680073,0.0,119.99,119.99,Cy5
A4,1713.915072236366,1739.7769251268312,1741.894020901852,1742.042875456827,28.12780322046092,0.8687017291748723,29.585712760235477,7.166411622410537,12.96,46.21,33.25,Cy5
A5,1714.06750902698,1715.7728707889273,1716.1473130782506,1744.6926850780449,30.625176051064955,0.8579443161745288,102.899114583908,1.5214650807013592,96.76,109.04,12.280000000000001,Cy5
A6,1710.9304052529849,1736.2204160898568,1738.9759135411457,1738.9775235454101,28.04711829242524,0.8433530967254728,22.33268289763771,4.250372600747611,11.58,33.09,21.510000000000005,Cy5
A7,1715.2916889486885,1716.675759388782,1718.5587374962106,1743.0236515914892,27.73196264280068,0.8282492373661894,94.1627293139952,3.0377141796752296,85.5,102.83,17.33,Cy5
A8,1718.2134128379837,1719.4610137450238,1720.309159108612,1743.5574838448986,25.344071006914874,0.7934932612205133,94.45831357980018,3.5319519368986008,82.31,106.61,24.299999999999997,Cy5
A9,1727.6032012010344,1727.6076167909202,1729.311949891772,1749.3482058043883,21.74500460335389,0.7657884904852708,95.81906272148929,3.3108266411544376,84.53,107.11,22.58,Cy5
A10,1746.352136167953,1751.5052505026463,1746.352136167953,1755.2291709223864,8.877034754433453,0.4598442031941482,11.702062166810164,163.60690465416548,0.0,119.99,119.99,Cy5
A11,1726.1117327012757,1748.6420685148855,1755.237104503579,1755.782604128213,29.67087142693731,0.8691608736280247,6.797330779742213,5.576594891424638,0.0,16.36,16.36,Cy5
A12,1727.0370505066642,1730.8476249746327,1732.450233948875,1752.6239958956892,25.586945389025004,0.7472613672426506,82.38975388027428,4.602541247705284,69.21,95.57,26.36,Cy5
B1,1745.5612878250972,1747.7291068920545,1745.5612878250972,1749.6022132528315,4.040925427734237,0.17483163141196656,30.865158656728767,119.43722102921097,0.0,119.99,119.99,Cy5
B2,1735.1478899177648,1744.255080436386,1735.1478899177648,1744.7509272610741,9.603037343309325,0.5150441477380139,46.132152605287544,407.57167894469353,0.0,119.99,119.99,Cy5
B3,1740.2165022015529,1742.5741090730428,1740.2165022015529,1743.3272180658482,3.1107158642953436,0.1556684885886369,4.206950757436247e-10,40.63460174650838,0.0,119.99,119.99,Cy5
B4,1716.802143736852,1719.0906838951678,1719.7609613271497,1750.942674723473,34.14053098662089,0.8594357669634329,93.81506106569397,4.69710499238365,81.24,106.39,25.150000000000006,Cy5
B5,1717.7351421613223,1719.4839192508657,1721.2078689574682,1748.0278253881454,30.2926832268231,0.8361778416362716,91.01158277538164,4.7903316000511404,78.7,103.32,24.61999999999999,Cy5
B6,1714.1582170288461,1715.595659628719,1716.9128541267523,1749.320977518135,35.16276048928876,0.8476405267792881,96.9353039109017,3.8774840095614977,86.9,106.97,20.069999999999993,Cy5
B7,1714.3446838727102,1716.684189668245,1718.184332730073,1749.884336794536,35.53965292182579,0.8386707739014789,93.48540668479419,4.272389910060057,83.0,103.98,20.980000000000004,Cy5
B8,1718.903092475607,1721.6860467367428,1722.094136425434,1754.1773380835352,35.27424560792815,0.846851962457793,96.11190989842541,3.347667940892748,86.12,106.11,19.989999999999995,Cy5
B9,1722.2591042181355,1725.570780109155,1726.3934193245116,1755.3144564444553,33.05535222631988,0.8339832570395378,93.87290737714635,2.8653501847211196,85.13,102.62,17.49000000000001,Cy5
B10,1747.0237782723614,1747.8464113885937,1750.0938643400211,1750.9193480816632,3.8955698093018327,0.10543571747851632,5.466090007332482,0.9763283218941194,4.81,6.12,1.3100000000000005,Cy5
B11,1724.7688986982726,1750.2832432430996,1753.5291565788414,1753.7249141711445,28.956015472871968,0.8753483261368142,17.59054054515286,2.4947998698383804,12.51,22.67,10.160000000000002,Cy5
B12,1720.7291529010395,1723.7389228299523,1726.3146483342355,1753.7503158707939,33.021162969754414,0.8293544155207192,98.34291818461773,0.9766593308393474,97.68,99.0,1.3199999999999932,Cy5
C1,1725.5792189476497,1746.001559705892,1725.5792189476497,1746.0766155369547,20.497396589305026,0.80827384849297,43.648944012852226,732.4395375288761,0.0,119.99,119.99,Cy5
C2,1724.758459914035,1744.2918357366627,1736.241396513899,1747.4789653087619,22.720505394726842,0.8711523580724894,30.69042093251925,100.81625367693879,0.0,102.27,102.27,Cy5
C3,1737.590285729731,1737.590285729731,1742.3869734407933,1745.8955667612615,8.305281031530512,0.04932352056984157,3.9910643068569364e-22,4.163279455041611,0.0,1.31,1.31,Cy5
C4,1723.1026553949175,1726.7220076753433,1727.3756457131888,1760.996038286707,37.89338289178954,0.8664217709782989,92.55312009739882,4.413243253718945,81.3,103.8,22.5,Cy5
C5,1727.9892132933273,1731.2791911992022,1732.2590875295723,1778.1277784188062,50.13856512547886,0.9043164494896224,95.25227345728797,5.876776550007983,83.99,106.51,22.52000000000001,Cy5
C6,1716.2982560930488,1718.5932655767003,1719.2819361688366,1751.7417574899587,35.443501396909824,0.8613253408764461,93.69672463251214,5.098027501148029,80.72,106.67,25.950000000000003,Cy5
C7,1714.7349853852672,1717.935501953871,1719.2026621923749,1750.1162674968552,35.38128211158801,0.8487515951123145,91.93944055803766,4.089855729221049,81.53,102.35,20.819999999999993,Cy5
C8,1718.9934778963748,1723.4758311976086,1723.4499238432427,1755.7666697569884,36.77319186061368,0.8385005131199766,93.33228075075371,3.186651908335562,83.46,103.21,19.75,Cy5
C9,1719.0380707495601,1720.2912533423105,1722.1072364107729,1755.746983198253,36.7089124486929,0.8246823463180835,100.3308478115446,2.5805531057573976,94.05,106.62,12.570000000000007,Cy5
C10,1739.014342247114,1748.3705287302503,1739.014342247114,1748.3705287302503,9.356186483136298,0.5111702144641892,39.79422990170154,255.70651111467177,0.0,119.99,119.99,Cy5
C11,1715.6688965809683,1720.679662126411,1721.8497839411516,1752.9705616484937,37.30166506752539,0.855826217492238,90.42474194891574,3.2176652039630578,82.01,98.84,16.83,Cy5
C12,1720.8217256886728,1725.2555976873196,1726.1829623096905,1755.6241661992976,34.80244051062482,0.8535595861797206,88.90009128936323,4.176646049491352,77.84,99.96,22.11999999999999,Cy5
D1,1748.734159742701,1748.734159742701,1749.7278005281162,1749.8211806700172,1.087020927316189,0.02019545685597013,20.783842403498483,0.8219928443147133,0.0,48.93,48.93,Cy5
D2,1743.6048078333376,1745.2979091737916,1743.6048078333376,1745.8033349896311,2.198527156293494,0.06599731664493869,44.43245657493642,95.29403993840896,0.0,119.99,119.99,Cy5
D3,1742.2930883735962,1742.6177431122517,1743.5720848525114,1743.894478466329,1.6013900927327995,0.05092599531300679,18.27793119106317,0.40780562497469297,17.62,18.94,1.3200000000000003,Cy5
D4,1719.6145721043717,1721.5834577870526,1722.8054078639918,1751.8288083788523,32.21423627448053,0.8571197761703335,94.93016622432192,3.5423918477743257,84.97,104.89,19.92,Cy5
D5,1719.2427428319002,1721.4284105216618,1722.897751581318,1753.4710191566944,34.22827632479425,0.8260976652468646,99.85437306018792,1.7922551179652957,94.96,104.75,9.790000000000006,Cy5
D6,1717.781036170915,1721.1126267774382,1722.2661966102455,1751.608003360319,33.82696718940383,0.8424373154158512,94.80620360577774,2.4487738671497725,87.65,101.96,14.309999999999988,Cy5
D7,1722.0678159623073,1724.765041946682,1724.599112577008,1751.1586544140507,29.090838451743366,0.8394556577613551,98.22246711687525,1.9799628895966963,89.58,106.87,17.290000000000006,Cy5
D8,1719.8677956794788,1723.3665157748762,1724.2105011454432,1754.3629563789,34.49516069942115,0.8198259993217845,97.38057889659068,1.739023225735003,91.78,102.98,11.200000000000003,Cy5
D9,1716.9711594164344,1745.2972635141805,1749.169120230256,1749.3212064891927,32.35004707275834,0.8458553547461306,15.222853561848174,3.476115601135413,8.33,22.11,13.78,Cy5
D10,1750.5498101657095,1750.5694372271985,1750.5498101657095,1752.687626740465,2.1378165747555613,0.09891093338693724,21.703263466599417,64.68506412795095,0.0,119.99,119.99,Cy5
D11,1720.877470157637,1747.5132211489927,1749.0297494317592,1749.6433073488563,28.76583719121936,0.863470482118279,17.7271614311782,1.801944383647424,12.29,23.16,10.870000000000001,Cy5
D12,1723.676769413037,1725.9633813755138,1725.320325925429,1750.4334913251312,26.756721912094235,0.8462201555041413,103.52266296655928,1.0408508384127138,96.61,110.43,13.820000000000007,Cy5
E1,1750.519866636552,1751.0254934829263,1750.519866636552,1751.2881877594264,0.7683211228743403,0.00981242306847574,2.830746309510988e-06,11.06113334755738,0.0,119.99,119.99,Cy5
E2,1744.6656557109975,1748.0879484587922,1744.6656557109975,1748.0879484587922,3.4222927477946996,0.11503797680328753,51.04095739973507,160.1831568508453,0.0,119.99,119.99,Cy5
E3,1744.4573426206393,1744.6559183120155,1745.2413786398843,1745.4396432627857,0.982300642146356,0.014348905141928436,5.589535997115392,0.250163803300516,4.93,6.25,1.3200000000000003,Cy5
E4,1716.6469636796537,1719.7239471601831,1721.514569535048,1752.8333695513008,36.18640587164714,0.8289439177418533,91.36394436297223,4.328197303021172,81.24,101.49,20.25,Cy5
E5,1720.1953221368926,1721.6155305190537,1724.5869053232761,1756.4155162990996,36.22019416220701,0.8352640452355107,90.09586035683292,6.420870720507894,77.63,102.57,24.939999999999998,Cy5
E6,1716.4159208281153,1719.3417201738764,1720.0909951956585,1748.9771966127876,32.56127578467226,0.8625171673532348,95.18693332525595,2.7379831490959354,86.56,103.82,17.25999999999999,Cy5
E7,1723.6936705519322,1726.242173148059,1727.1462054161782,1759.3352906706302,35.64162011869803,0.8458675837796895,92.30432049028158,5.32156143232313,79.27,105.34,26.070000000000007,Cy5
E8,1714.264883806038,1718.1031806254045,1719.6608896505932,1751.3139894332346,37.049105627196695,0.8350832299697242,90.21273487058475,4.397973672434867,79.86,100.57,20.709999999999994,Cy5
E9,1721.6165279996305,1724.7895850226607,1725.8928574055121,1759.1020763382303,37.485548338599756,0.8571074039900801,90.72815401914592,5.657795917293054,77.8,103.66,25.86,Cy5
E10,1741.365740015589,1749.2446430437813,1741.365740015589,1750.8372196996572,9.4714796840683,0.5309711309559542,37.75273945671762,292.7901090786798,0.0,119.99,119.99,Cy5
E11,1726.1809399866231,1727.0358461043784,1727.6312291499491,1754.0261306596994,27.84519067307633,0.855240819659637,98.75445136015841,3.319083536962122,87.34,110.17,22.83,Cy5
E12,1724.909382373919,1725.6436399428176,1725.8764749913962,1754.1469516429352,29.23756926901615,0.8653926905815141,101.65446684382964,3.1582488453952005,90.36,112.95,22.590000000000003,Cy5
F1,1750.8025792304393,1754.3197661377785,1750.8025792304393,1754.3197661377785,3.5171869073392372,0.07078468237829216,57.20677497634063,65.74577273808505,0.0,119.99,119.99,Cy5
F2,1742.5864388963782,1747.3435096441954,1742.5864388963782,1747.3435096441954,4.757070747817124,0.16430686194935518,54.426838522219356,152.06424020141273,0.0,119.99,119.99,Cy5
F3,1728.9430487546274,1750.6076133313823,1728.9430487546274,1750.6076133313823,21.664564576754856,0.8178854401475275,47.32245914743744,756.2140263904871,0.0,119.99,119.99,Cy5
F4,1718.0582248181727,1719.293443820713,1721.4136793849486,1752.3345130614805,34.27628824330782,0.8639184146002409,91.87732297805628,5.920148490738655,78.88,104.88,26.0,Cy5
F5,1724.052937277351,1724.0648028003322,1725.4739236249127,1753.8136402559076,29.760702978556537,0.8040090511346271,112.04802992341031,1.621570623659553,106.91,117.18,10.27000000000001,Cy5
F6,1721.2073895711624,1724.6770761843736,1726.2798249850832,1755.7578054342582,34.55041586309585,0.8618665357728337,91.39265230355736,3.5436411762694235,82.37,100.42,18.049999999999997,Cy5
F7,1717.050550917688,1719.514592542891,1721.3045380234446,1752.217452742716,35.166901825027935,0.8696557036284386,91.01122068261579,5.104240083145985,79.27,102.76,23.49000000000001,Cy5
F8,1743.7888208942259,1748.6890646383579,1749.6491695555644,1800.8218755211328,57.03305462690696,0.8798296478689795,96.43494714138393,4.48610430447897,87.96,104.91,16.950000000000003,Cy5
F9,1717.9405929302404,1720.0943715248422,1721.3420473093004,1755.5764542432476,37.635861313007126,0.8478329365286157,94.34602352586015,4.845685034227619,82.89,105.81,22.92,Cy5
F10,1742.8167005486298,1748.9115592539686,1742.8167005486298,1751.6612339725289,8.844533423899065,0.49777248176515476,28.588948413907744,221.77800406237515,0.0,119.99,119.99,Cy5
F11,1722.4299222422842,1725.6567254093545,1726.2956961678676,1755.375000690141,32.94507844785676,0.8752752635796918,96.77738878993212,2.0252913015454004,89.9,103.65,13.75,Cy5
F12,1722.7247238316252,1724.1102773757227,1725.4851354887903,1759.2018115341434,36.47708770251825,0.8899178394415559,102.66769694831238,1.9339863135256445,97.45,107.89,10.439999999999998,Cy5
G1,1733.9676516388804,1748.7708029911619,1733.9676516388804,1749.6141440832957,15.646492444415344,0.6949149494829266,45.299846986292145,635.1401126761357,0.0,119.99,119.99,Cy5
G2,1730.5312215139077,1755.343211836671,1730.5312215139077,1756.7116724777443,26.18045096383662,0.8793648940023894,35.975001878963226,680.1994694373241,0.0,119.99,119.99,Cy5
G3,1736.6855092641708,1750.793981905822,1736.6855092641708,1753.1496795517246,16.46417028755377,0.7282430511598693,40.963535184833944,573.5455113428944,0.0,119.99,119.99,Cy5
G4,1721.303024923935,1722.7809648066964,1724.9242146645217,1757.3628455936187,36.05982066968363,0.8547081638684504,91.35014231528005,6.407159369015835,77.99,104.71,26.72,Cy5
G5,1719.3568896117565,1723.9905454856164,1725.2327050538167,1757.3015259050867,37.94463629333018,0.8432193916465018,89.15979834752018,4.474937878898993,78.49,99.83,21.340000000000003,Cy5
G6,1719.3959576652412,1751.6403530024409,1719.3959576652412,1755.3232025023901,35.92724483714892,0.799956970416162,143.9995314865577,-0.2994186578192958,12.3,119.99,107.69,Cy5
G7,1725.8356749035047,1726.50519973502,1727.7875767189555,1757.1227418057388,31.287066902234073,0.8534094516549119,97.38760518265106,4.043456683268964,86.14,108.64,22.5,Cy5
G8,1728.1246216209165,1730.2346516262487,1730.8289348399237,1759.4630004263745,31.338378805457978,0.8324816879203177,99.5403666151915,2.024539703827946,92.35,106.73,14.38000000000001,Cy5
G9,1722.8626768946463,1724.38232098802,1726.0472540201145,1757.028549265941,34.165872371294654,0.853161072288254,96.39166708347246,3.501775923458995,87.43,105.35,17.919999999999987,Cy5
G10,1746.3498761600085,1746.8925660370614,1748.0564111890274,1749.722127392514,3.372251232505505,0.1382086446520152,11.51202901278276,0.508039650222176,10.85,12.17,1.3200000000000003,Cy5
G11,1748.0424766242952,1748.0424766242952,1750.3203388662812,1752.2409456990601,4.198469074764944,0.1817450856049626,9.154599615514285e-09,1.9486105552089814,0.0,12.25,12.25,Cy5
G12,1743.4349300984525,1744.0820869325912,1745.6865399251917,1747.3290601341707,3.8941300357182627,0.1433187286282348,7.679887680003133,0.6976175423245411,7.02,8.34,1.3200000000000003,Cy5
H1,1737.58238891273,1755.1378164567795,1737.58238891273,1755.1378164567795,17.555427544049508,0.7158983428316119,46.540714988197045,672.2560121303686,0.0,119.99,119.99,Cy5
H2,1719.8471988154877,1743.541814825052,1745.5360758695308,1746.1979375054889,26.350738690001208,0.8576888357946361,30.839644457251165,6.295264794922469,15.02,46.66,31.639999999999997,Cy5
H3,1724.157649295332,1750.8205485279932,1751.6940588314872,1754.5816036390843,30.423954343752257,0.8895785198238332,39.94976651557891,17.858918929736213,13.13,66.77,53.63999999999999,Cy5
H4,1720.5589451330595,1724.307229520765,1725.3925535503013,1758.544394150947,37.985449017887504,0.9031049889628705,94.79333942476184,2.8694614124124955,87.12,102.47,15.349999999999994,Cy5
H5,1713.435678711546,1753.5146164942753,1713.435678711546,1753.5146164942753,40.07893778272933,0.8179992040196197,0.05246530849552755,-0.3340189825707416,0.0,119.99,119.99,Cy5
H6,1723.2474421758543,1726.0944871050638,1727.5013384010556,1764.3124310282794,41.06498885242513,0.8593223367557872,96.38811350411126,3.493822362123626,88.17,104.61,16.439999999999998,Cy5
H7,1717.5746896954047,1722.2037080867815,1723.042061191683,1762.7858623626557,45.21117266725105,0.8592310113537021,94.97566853505911,3.4334987133207795,86.81,103.14,16.33,Cy5
H8,1722.4339656952634,1724.661059887832,1726.0113411449274,1763.6398525611985,41.2058868659351,0.8659487121259686,97.19277727222749,3.885459808521532,88.16,106.22,18.060000000000002,Cy5
H9,1723.6561004068355,1725.1279969964312,1725.9835099616798,1762.9243407899476,39.268240383112015,0.8469309734816892,100.64906522606738,3.3011643559837585,91.9,109.4,17.5,Cy5
H10,1754.7203594442367,1755.370780720442,1756.1872982537188,1758.0644098083926,3.344050364155919,0.13768282671877985,75.12590851919599,0.33868763428059157,74.41,75.84,1.4300000000000068,Cy5
H11,1747.1017369801623,1747.1017369801623,1750.3380027686242,1753.6061190549456,6.50438207478328,0.24650655047241,6.559566130385399e-23,2.7435728005795434,0.0,9.11,9.11,Cy5
H12,1754.6755811971732,1754.6755811971732,1757.4274602038909,1759.3742101824382,4.698628985265032,0.17037081401688603,3.7266791283925502,1.7279084065797377,0.0,15.86,15.86,Cy5
A1,1813.5868457369993,1815.5342012001936,1816.20718659869,1822.1675734221485,8.580727685149213,0.6759918535810406,84.22237484742101,0.25535246143035417,83.56,84.88,1.3199999999999932,Quasar 705
A2,1814.7627390321359,1816.863700228928,1817.452914285704,1824.923885733667,10.161146701531152,0.7227804863898455,87.9289629917622,0.24714533698371194,86.86,89.0,2.1400000000000006,Quasar 705
A3,1807.4098694312668,1819.0903826199972,1807.4098694312668,1819.0903826199972,11.680513188730401,0.6607131049775316,68.09946146331586,127.86087414586123,0.0,119.99,119.99,Quasar 705
A4,1751.2695115019533,1821.5721555695263,1823.4368710723325,1831.947667352053,80.67815585009976,0.8984172503400369,33.003046739814906,16.350339295194868,17.17,48.84,31.67,Quasar 705
A5,1753.2961192168511,1754.6290774829795,1756.8327061200791,1834.0951841611645,80.79906494431339,0.871394670517307,104.21407918337502,5.430674909304388,97.14,111.29,14.150000000000006,Quasar 705
A6,1738.5099766199494,1809.1870182199675,1812.2510395437928,1819.2213181721802,80.7113415522308,0.871059718514753,26.829305670160245,8.240249669944447,17.47,36.19,18.72,Quasar 705
A7,1747.5927011157205,1752.4943782309247,1755.3104954545672,1826.4608462160118,78.86814510029126,0.8957854750054117,94.58846265506257,9.100670189777686,84.15,105.03,20.879999999999995,Quasar 705
A8,1751.294070062641,1755.057206385586,1760.0243271672525,1826.0362784356398,74.7422083729989,0.894440214993802,92.73520463158263,9.728775085058315,82.55,102.92,20.370000000000005,Quasar 705
A9,1778.9237245302916,1783.897469176274,1787.565583061431,1846.5229527531576,67.59922822286603,0.8911764054204637,90.82810879832955,9.435705924965864,79.57,102.09,22.52000000000001,Quasar 705
A10,1819.230756229828,1852.3907226149477,1819.230756229828,1852.3907226149477,33.15996638511956,0.870245926702711,50.98307705547992,1042.8494872737742,0.0,119.99,119.99,Quasar 705
A11,1783.311583695866,1863.9523841340035,1783.311583695866,1863.9523841340035,80.6408004381376,0.8786201233926036,24.657929251872208,-0.672062675358353,0.0,119.99,119.99,Quasar 705
A12,1781.8432189655623,1786.6946431517308,1789.8212526316906,1848.7338153355204,66.89059636995808,0.9031579671682073,89.01861759284483,12.434317389414758,74.82,103.22,28.400000000000006,Quasar 705
B1,1823.2683328425292,1839.0380949036353,1823.2683328425292,1839.0380949036353,15.769762061106121,0.7003860491852163,57.20167717507996,368.40587140928693,0.0,119.99,119.99,Quasar 705
B2,1805.1259355561167,1831.0348711918682,1805.1259355561167,1831.0348711918682,25.908935635751504,0.6746718684814642,52.062923456032706,856.2573435349403,0.0,119.99,119.99,Quasar 705
B3,1822.0615926023704,1831.6020150897746,1822.0615926023704,1831.6020150897746,9.540422487404157,0.6268502905546129,89.83243780094051,80.06166582607595,0.0,119.99,119.99,Quasar 705
B4,1752.5917852119628,1759.455212797314,1763.8625932328325,1843.9265609930474,91.33477578108455,0.8939828397856096,91.41567054627782,12.187950813145523,80.31,102.52,22.209999999999994,Quasar 705
B5,1755.9560585221884,1759.4337212471173,1765.490556741526,1842.0844325901976,86.12837406800918,0.8945713432622004,90.75586574520435,15.195539815073369,77.89,103.62,25.730000000000004,Quasar 705
B6,1744.7832732724737,1751.7795527014594,1755.611833452273,1841.084957416129,96.3016841436554,0.9045136113194653,94.04382357215495,10.177479744985526,84.49,103.6,19.11,Quasar 705
B7,1749.9069967295875,1755.6223566290773,1761.209458310292,1847.0575636378812,97.15056690829374,0.8908338004577324,92.41619546303151,12.797932373379933,81.78,103.06,21.28,Quasar 705
B8,1760.91875573162,1766.987336603746,1770.7428092918628,1854.4016976847508,93.48294195313088,0.9067760066522508,93.38865718003241,11.676035068105001,82.49,104.28,21.790000000000006,Quasar 705
B9,1773.9214352177478,1779.4293383402776,1783.322205783929,1862.8937978878105,88.9723626700627,0.8892497460719014,94.53634035750667,9.717956037366422,84.88,104.19,19.310000000000002,Quasar 705
B10,1846.961456925294,1855.7370939986556,1846.961456925294,1855.7370939986556,8.775637073361622,0.6082346319754472,65.88696466745246,84.648740912048,0.0,119.99,119.99,Quasar 705
B11,1786.0891230487252,1864.590702447764,1786.0891230487252,1868.2183802820568,82.1292572333316,0.9067257931655901,136.99950381199682,-0.6844675157819424,5.3,119.99,114.69,Quasar 705
B12,1775.3748393238504,1778.5906051075547,1779.9862500969539,1860.9548023279392,85.57996300408877,0.9369071658307878,102.44397226940336,5.961908865181987,94.65,110.24,15.58999999999999,Quasar 705
C1,1773.8431616221471,1833.5154088650786,1773.8431616221471,1833.5154088650786,59.67224724293146,0.9262236087309836,45.040797030561556,1210.2651365156046,0.0,119.99,119.99,Quasar 705
C2,1766.0365721484518,1832.0455040110594,1792.8108933601488,1832.0455040110594,66.0089318626076,0.9682117682235528,41.05857522511331,224.69727066505718,0.0,104.9,104.9,Quasar 705
C3,1823.6745331850184,1832.179869973705,1823.6745331850184,1832.179869973705,8.50533678868669,0.5218657198519683,80.90332769094084,104.07122485111424,0.0,119.99,119.99,Quasar 705
C4,1756.9214574837063,1761.2506824195455,1765.7040650820866,1844.7314531960153,87.80999571230905,0.8992696347520066,92.34725535892602,13.595703111840118,79.97,104.73,24.760000000000005,Quasar 705
C5,1754.5278864520853,1759.8541591899077,1763.8340628875637,1846.3904912903815,91.86260483829619,0.8912252361331959,91.33422704370399,15.486664196445924,77.89,104.78,26.89,Quasar 705
C6,1749.98503936219,1753.834134068075,1759.8108054580289,1844.3873978472136,94.40235848502357,0.9010333765108266,91.55204471259115,15.933206424640574,78.84,104.26,25.42,Quasar 705
C7,1746.6620649975628,1751.885870071378,1756.6336296153363,1841.6008140638241,94.93874906626138,0.8847440336695246,93.09618947690551,12.705336965615393,82.01,104.19,22.179999999999993,Quasar 705
C8,1755.7391893522488,1759.3676706940732,1763.9615450856863,1846.787430369507,91.0482410172583,0.8951306436689477,95.14518865103166,11.27628502667612,84.71,105.58,20.870000000000005,Quasar 705
C9,1758.5117615052534,1762.4933230737333,1766.6760363213166,1854.7501917994991,96.23843029424575,0.8793873847734286,98.74993524657935,7.966289339136498,91.11,106.39,15.280000000000001,Quasar 705
C10,1804.8213629478596,1841.6608967983566,1804.8213629478596,1841.6608967983566,36.83953385049699,0.9067563196132382,49.78687969994396,1025.178791877091,0.0,119.99,119.99,Quasar 705
C11,1760.4892924837632,1764.842498290354,1769.736021365328,1855.2526492035124,94.76335671974925,0.926678263586706,94.19717888356035,12.14689717465489,83.53,104.86,21.33,Quasar 705
C12,1769.9181656322255,1774.4158399959902,1778.8012158747633,1857.612908387003,87.69474275477751,0.9154098678863166,92.52193928855388,13.089457648360828,80.45,104.59,24.14,Quasar 705
D1,1828.363550186286,1837.208194748955,1828.363550186286,1837.208194748955,8.844644562669146,0.5319776739776756,73.91691917116766,164.63307056013699,0.0,119.99,119.99,Quasar 705
D2,1822.1876285452126,1830.380998213688,1822.1876285452126,1830.380998213688,8.19336966847527,0.5390020663505316,72.04117278223092,81.74835856480354,0.0,119.99,119.99,Quasar 705
D3,1819.8829518758155,1826.6349695904494,1819.8829518758155,1826.6349695904494,6.752017714633894,0.4469561750450346,73.81014991538568,60.58574550316858,0.0,119.99,119.99,Quasar 705
D4,1763.448741742812,1768.9189976946068,1772.6621314367628,1850.1665877061685,86.71784596335647,0.8931871039002883,94.48889147448415,9.442118239071025,84.83,104.14,19.310000000000002,Quasar 705
D5,1765.8388311505003,1768.8951122029134,1772.1663066505844,1852.8629406487469,87.02410949824662,0.865722020209744,101.01570057385878,6.1163392017130125,94.18,107.85,13.669999999999987,Quasar 705
D6,1756.971951452715,1762.5046568885025,1764.6284636294376,1843.9757639123163,87.00381245960125,0.8872749400638547,97.34480589636742,7.650489812144967,88.45,106.24,17.789999999999992,Quasar 705
D7,1770.1640793482632,1775.4347633837206,1779.082299194602,1850.2041398607996,80.04006051253646,0.9006649647499594,95.53368894007745,7.267724330501919,87.36,103.71,16.349999999999994,Quasar 705
D8,1762.531869420579,1766.270507561282,1769.111204364877,1852.6440018771823,90.11213245660338,0.8613336486245164,102.02805483023903,5.29063575734243,95.96,108.09,12.13000000000001,Quasar 705
D9,1761.999477916147,1843.5990083966353,1761.999477916147,1852.9190402009513,90.91956228480421,0.8409350881836064,143.99999992574726,-0.7577261279384866,12.3,119.99,107.69,Quasar 705
D10,1842.1455250089625,1843.2202413271452,1843.9422220449742,1849.7237426379183,7.5782176289558265,0.5150398055452419,83.36019501203212,1.0520584096690353,73.78,92.94,19.159999999999997,Quasar 705
D11,1770.1679328679086,1845.4032137134889,1770.1679328679086,1853.996341714401,83.8284088464925,0.9000302429211406,143.99999963125384,-0.6986282863948124,12.3,119.99,107.69,Quasar 705
D12,1777.8567905335444,1781.4831939648107,1783.252915410267,1848.191056874859,70.33426634131456,0.9357079999539275,99.3359956880266,5.548830997161803,91.19,107.48,16.290000000000006,Quasar 705
E1,1828.2111163649258,1841.5385365908971,1828.2111163649258,1841.5385365908971,13.32742022597131,0.7797494234923407,76.48445567707903,142.14062411428685,0.0,119.99,119.99,Quasar 705
E2,1817.3909267703368,1831.462291464017,1817.3909267703368,1831.462291464017,14.071364693680152,0.7262215641018561,58.79471433204342,211.91348609965047,0.0,119.99,119.99,Quasar 705
E3,1812.149116180106,1816.4191581916825,1816.949725300311,1824.9237907939178,12.77467461381184,0.7608802350530364,73.66116707078244,0.7360691631033973,68.19,79.13,10.939999999999998,Quasar 705
E4,1753.6773407636076,1756.6278257849185,1762.9221263779102,1845.3010674974807,91.62372673387313,0.8850311298390005,93.0784423272653,13.607537596347964,81.77,104.38,22.61,Quasar 705
E5,1755.4492946358102,1760.9075716853038,1765.9182143886942,1853.9773323943132,98.52803775850293,0.8955858986440716,90.92241377642173,16.900809342783727,77.6,104.24,26.64,Quasar 705
E6,1751.0684187546533,1754.9472258427577,1758.2099505520525,1838.2584591061086,87.19004035145531,0.9180214591216447,96.36416551428746,9.863388871117689,86.13,106.6,20.47,Quasar 705
E7,1763.8780859074848,1771.479197224525,1775.43020969493,1861.842712451498,97.9646265440133,0.9045324751402448,90.86987338582668,14.434737847222316,78.58,103.16,24.58,Quasar 705
E8,1748.4493679416933,1754.0579882352893,1758.3790462079255,1845.7856314834792,97.33626354178591,0.9134910981495176,91.13190041311049,16.734540005073228,77.54,104.72,27.179999999999993,Quasar 705
E9,1766.4343994329965,1771.1662265504522,1777.8070798248016,1864.2478235297895,97.81342409679291,0.908530423354115,90.13890194833446,17.416049680095444,77.11,103.17,26.060000000000002,Quasar 705
E10,1815.7548247457244,1846.1784991359687,1815.7548247457244,1846.1784991359687,30.423674390244287,0.9069410728818142,49.877281796414124,892.5709977653015,0.0,119.99,119.99,Quasar 705
E11,1780.8709500074865,1784.429610690889,1788.3015945243349,1856.695479947454,75.82452993996753,0.9061508657345267,94.07501796720287,9.79637431944272,83.32,104.83,21.510000000000005,Quasar 705
E12,1775.809014842525,1782.2944640355872,1783.9080900950005,1856.901960681575,81.09294583905012,0.9179810505471352,94.76695081980309,8.40627357734668,84.5,105.03,20.53,Quasar 705
F1,1826.1408671170898,1837.7853897591963,1826.1408671170898,1837.7853897591963,11.644522642106494,0.7600161987978863,108.29216277693402,83.40391941046872,0.0,119.99,119.99,Quasar 705
F2,1824.0486487195703,1837.545186696356,1824.0486487195703,1837.545186696356,13.496537976785703,0.7375626245011939,86.20685293620856,137.49316474250097,0.0,119.99,119.99,Quasar 705
F3,1782.4730872219898,1839.4893100527363,1782.4730872219898,1839.4893100527363,57.01622283074653,0.9134768569907747,48.7293196412078,1246.8958071119603,0.0,119.99,119.99,Quasar 705
F4,1756.107241415866,1760.5179915461529,1767.4211172001326,1849.6955516287705,93.58831021290462,0.8944108856393275,90.44047962648476,15.621398993338797,78.26,102.62,24.36,Quasar 705
F5,1755.6749303032655,1832.0743085935178,1833.0357808614806,1839.6758122045321,84.00088190126667,0.8594727204505936,19.404029537973233,4.094287057954632,13.33,25.48,12.15,Quasar 705
F6,1762.8904879964334,1768.3337429028745,1772.6038671746098,1856.9091599854153,94.01867198898185,0.9081872714044166,92.4709607289088,13.615639134713499,80.5,104.44,23.939999999999998,Quasar 705
F7,1755.5974844450916,1761.7150211837065,1765.0024907812633,1848.4450876594844,92.84760321439285,0.9027021612901428,91.77664476992983,14.497880286314974,78.74,104.81,26.070000000000007,Quasar 705
F8,1775.7637107226162,1780.3000864882108,1784.7162345808579,1867.1293316909312,91.36562096831494,0.9107354747928251,92.51750510856958,14.076850426813591,80.09,104.95,24.86,Quasar 705
F9,1758.2887621050968,1764.9046087405168,1770.9065320859986,1857.5196393299855,99.23087722488867,0.8991519377327117,90.65141822377335,14.552796743345201,79.19,102.11,22.92,Quasar 705
F10,1824.059993033573,1847.4256222616623,1824.059993033573,1847.4256222616623,23.365629228089347,0.8474365159882383,47.95738610428532,604.5001029077323,0.0,119.99,119.99,Quasar 705
F11,1776.5990049620939,1780.6960327125755,1782.5614155280316,1864.514554703929,87.9155497418351,0.9387795848582354,100.15351110002335,6.9379151055958825,91.82,108.49,16.67,Quasar 705
F12,1771.318566840612,1775.6117326334484,1777.4835106517744,1862.185656259147,90.86708941853499,0.9186153722254478,101.68223588801467,5.747594894413058,94.68,108.69,14.009999999999991,Quasar 705
G1,1786.8878508687085,1835.5671398717066,1786.8878508687085,1835.5671398717066,48.679289002998075,0.9125845968032051,50.34655136807299,1243.7586655250386,0.0,119.99,119.99,Quasar 705
G2,1777.6153572834037,1854.7521011634294,1823.3886121065966,1854.7521011634294,77.13674388002573,0.9424961806429812,42.274074671533235,166.05540918549704,0.0,94.71,94.71,Quasar 705
G3,1798.7526243717914,1851.257793790531,1798.7526243717914,1851.257793790531,52.50516941873957,0.8774675010576501,51.57469554935946,1274.1768347186924,0.0,119.99,119.99,Quasar 705
G4,1756.7213086700299,1762.70831560243,1768.6791110217116,1854.35082740137,97.62951873134011,0.9049094142300701,89.77628160358793,16.707871541453457,76.9,102.66,25.75999999999999,Quasar 705
G5,1756.7532332894261,1762.7397210580323,1767.2420445475605,1858.41442532628,101.66119203685389,0.9053215577540247,92.06845872708625,15.418332102708066,79.64,104.5,24.86,Quasar 705
G6,1761.5022226561132,1766.1928036813858,1768.0214254519003,1850.241010271264,88.73878761515084,0.882130975809607,101.08113502017035,5.613486177200836,94.08,108.08,14.0,Quasar 705
G7,1769.43995516749,1774.1204115249825,1778.2991341558195,1854.5536013359065,85.11364616841638,0.9067316071049866,93.62235115736881,10.776915071375166,82.97,104.27,21.299999999999997,Quasar 705
G8,1779.2430949461705,1783.4860647143037,1786.8151188894724,1861.374031025513,82.13093607934252,0.8906650601177946,97.94828422734705,6.776439182713073,90.21,105.69,15.480000000000004,Quasar 705
G9,1768.0178495878276,1771.8194539187577,1776.9680196545758,1860.3620637047713,92.3442141169437,0.8937200530443967,95.00379466591865,10.986829921455227,85.14,104.87,19.730000000000004,Quasar 705
G10,1841.6755602139988,1843.212929662779,1841.6755602139988,1843.212929662779,1.5373694487802823,0.018313790524236095,59.89795717924617,97.94652979108119,0.0,119.99,119.99,Quasar 705
G11,1844.7325387880685,1845.1375941999306,1846.3941909459302,1846.8017934199654,2.0692546318969107,0.08254900670522147,62.70177746365479,0.5315816262735431,62.04,63.36,1.3200000000000003,Quasar 705
G12,1837.8673666341529,1837.980978966449,1838.129212331066,1838.9456563959054,1.0782897617525578,0.01740260559410589,73.3036957272438,0.8906382578639017,45.58,101.02,55.44,Quasar 705
H1,1790.231378795423,1837.6214530099116,1790.231378795423,1837.6214530099116,47.39007421448855,0.9044987082969926,49.52001592302142,1233.0354115438329,0.0,119.99,119.99,Quasar 705
H2,1759.5021537774824,1823.3646321138347,1825.3000829455837,1833.1427837498145,73.64062997233214,0.9169366761038813,32.33668252220683,13.202151354339367,17.78,46.9,29.119999999999997,Quasar 705
H3,1768.499697356162,1840.4534755415937,1836.029915791733,1849.0053183011626,80.5056209450006,0.9207766842443422,39.12081757214268,40.399101683978785,11.78,66.46,54.67999999999999,Quasar 705
H4,1764.311442489834,1770.178833168845,1773.8403153253996,1863.7180963720402,99.40665388220623,0.9388809080253229,96.77977083666364,8.962602456710263,88.26,105.3,17.039999999999992,Quasar 705
H5,1755.2423549556784,1757.6703432746044,1761.776357044224,1856.590225187076,101.34787023139756,0.850650425347667,103.55230026036963,5.695923704919022,98.15,108.95,10.799999999999997,Quasar 705
H6,1764.7702065318797,1770.0425607170341,1773.9587761333898,1874.8809395036967,110.11073297181701,0.8971667102288138,97.36356837221633,10.72231685175293,88.21,106.51,18.30000000000001,Quasar 705
H7,1756.1817958638674,1762.621122489179,1767.9097562362376,1868.148818367403,111.96702250353565,0.8922039494630606,95.35763100749212,11.320915947922646,86.45,104.27,17.819999999999993,Quasar 705
H8,1761.750901416992,1765.9840789058253,1770.8679258601803,1869.5445455874076,107.79364417041552,0.8915311707853062,97.42415175035018,10.656303654360432,88.58,106.27,17.689999999999998,Quasar 705
H9,1764.2983584561775,1769.3945189130068,1773.7120312630802,1869.5146114194592,105.2162529632817,0.8916730525160955,97.35248210183849,9.718151148337324,88.84,105.87,17.03,Quasar 705
H10,1854.5088978541735,1859.7631369253597,1870.0849901203783,1876.724453128503,22.215555274329517,0.9566099594705754,42.60851770263897,4.395835118853406,39.24,45.98,6.739999999999995,Quasar 705
H11,1848.7569497403747,1849.0585623532577,1849.9972719022066,1850.649234440202,1.8922846998273144,0.06290593000667855,88.07839613926414,0.39621760575391324,87.42,88.74,1.3199999999999932,Quasar 705
H12,1860.6943399956938,1862.0976344612195,1860.6943399956938,1862.0976344612195,1.4032944655257324,0.02318498485280962,48.2477122529443,61.30526495676419,0.0,119.99,119.99,Quasar 705
