{"metaGroup":[{"avatarId":1,"metaAvatar":{"id":1,"filePath":"science","fileType":"image/ico","color":"#000000"},"lastUpdatedOn":"2024-07-25T18:17:26Z","order":1,"isHidden":0,"createdOn":"2024-03-22T19:19:24Z","id":1,"name":"NAAT","isPinned":0,"metaShortcut":[{"avatarId":4,"metaAvatar":{"filePath":"coronavirus","fileType":"image/ico","color":"#000000"},"lastUpdatedOn":"2025-09-29T22:02:09Z","order":3,"isHidden":0,"createdOn":"2024-07-25T18:01:41Z","id":3,"title":"NAAT Assay Development","description":"Select this shortcut if you are planning to run a NAAT optimization experiment. ","timesUsed":58,"lastUsedOn":"2025-05-19T19:23:10Z","mainAttachmentId":4,"groupId":1,"metaAttachment":[{"id":4,"name":"DROP_NAAT_Method_v2","path":"C:\\Program Files (x86)\\Hamilton\\Methods\\Master_IVL_Method_Factorial_Screening\\DROP_NAAT_Method_v2.med","shortcutId":3}]}]},{"avatarId":5,"metaAvatar":{"id":5,"filePath":"vibration","fileType":"image/ico","color":"#000000"},"lastUpdatedOn":"2024-07-25T18:17:11Z","order":2,"isHidden":0,"createdOn":"2024-07-25T18:07:27Z","id":2,"name":"LFA","isPinned":0,"metaShortcut":[{"avatarId":6,"metaAvatar":{"id":6,"filePath":"local_florist","fileType":"image/ico","color":"#000000"},"lastUpdatedOn":"2024-09-20T22:03:34Z","order":1,"isHidden":0,"createdOn":"2024-07-25T18:08:02Z","id":4,"title":"Lateral Flow Assay Optimization","description":"Select this method if you are running an LFA optimization effort. ","timesUsed":5,"lastUsedOn":"2024-09-24T16:55:12Z","mainAttachmentId":5,"groupId":2,"metaAttachment":[{"id":5,"name":"DROP_LFA_Method_v2","path":"C:\\Program Files (x86)\\Hamilton\\Methods\\Master_IVL_Method_Factorial_Screening\\DROP_LFA_Method_v2.med","shortcutId":4}]}]}]}